0	0
1	^(0)
2	^(^(0))
3	^(^(^(0)))
4	^(^(^(^(0))))
5	^(^(^(^(^(0)))))
6	^(^(^(^(^(^(0))))))
7	^(^(^(^(^(^(^(0)))))))
8	^(^(^(^(^(^(^(^(0))))))))
9	R(^(^(^(#))),0,^(^(^(0))))
10	R(^(^(#)),0,^(^(^(^(^(0))))))
11	R(^(^(#)),^(0),^(^(^(^(^(0))))))
12	R(^(^(^(#))),0,^(^(^(^(0)))))
13	R(^(^(^(#))),^(0),^(^(^(^(0)))))
14	R(^(^(#)),0,^(^(^(^(^(^(^(0))))))))
15	R(^(^(^(#))),0,^(^(^(^(^(0))))))
16	R(^(^(^(^(#)))),0,^(^(^(^(0)))))
17	R(^(^(^(^(#)))),^(0),^(^(^(^(0)))))
18	R(^(^(^(#))),0,^(^(^(^(^(^(0)))))))
19	R(^(^(^(#))),^(0),^(^(^(^(^(^(0)))))))
20	R(^(^(^(^(#)))),0,^(^(^(^(^(0))))))
21	R(^(^(^(#))),0,^(^(^(^(^(^(^(0))))))))
22	R(R(^(^(#)),#,^(^(0))),^(0),^(^(^(0))))
23	R(R(^(^(#)),#,^(0)),^(^(0)),^(^(^(0))))
24	R(^(^(^(^(#)))),0,^(^(^(^(^(^(0)))))))
25	R(^(^(^(^(^(#))))),0,^(^(^(^(^(0))))))
26	R(R(^(^(^(#))),#,^(^(0))),0,^(^(^(0))))
27	R(R(^(^(^(#))),#,0),^(0),^(^(^(0))))
28	^(R(R(^(^(^(#))),#,0),^(0),^(^(^(0)))))
29	R(R(^(^(#)),#,^(^(^(0)))),^(0),^(^(^(0))))
30	R(R(^(^(#)),#,^(^(0))),0,^(^(^(^(0)))))
31	R(R(^(^(#)),#,^(0)),0,^(^(^(^(^(0))))))
32	R(R(^(^(#)),#,0),^(0),^(^(^(^(^(0))))))
33	^(R(R(^(^(#)),#,0),^(0),^(^(^(^(^(0)))))))
34	^(^(R(R(^(^(#)),#,0),^(0),^(^(^(^(^(0))))))))
35	R(^(^(^(^(^(#))))),0,^(^(^(^(^(^(^(0))))))))
36	R(R(^(^(^(#))),#,0),^(^(^(^(0)))),^(^(0)))
37	R(R(^(^(^(^(#)))),#,^(0)),^(^(0)),^(^(0)))
38	R(R(^(^(#)),#,^(^(0))),^(^(^(0))),^(^(^(0))))
39	R(R(^(^(^(#))),#,^(^(^(0)))),0,^(^(^(0))))
40	R(R(^(^(^(#))),#,^(0)),0,^(^(^(^(0)))))
41	^(R(R(^(^(^(#))),#,^(0)),0,^(^(^(^(0))))))
42	R(R(^(^(^(^(#)))),#,^(^(0))),0,^(^(^(0))))
43	R(R(^(^(^(^(^(^(#)))))),#,^(0)),0,^(^(^(0))))
44	R(R(^(^(#)),#,^(^(^(^(0))))),^(^(0)),^(^(^(0))))
45	R(R(^(^(#)),#,^(^(^(0)))),0,^(^(^(^(0)))))
46	R(R(^(^(#)),#,^(^(0))),^(0),^(^(^(^(0)))))
47	R(R(^(^(#)),#,^(0)),^(^(0)),^(^(^(^(0)))))
48	R(R(^(^(#)),#,0),^(^(^(0))),^(^(^(^(0)))))
49	R(R(^(^(^(^(^(^(^(#))))))),#,0),^(0),^(^(0)))
50	R(R(^(^(^(^(^(#))))),#,0),^(^(0)),^(^(0)))
51	^(R(R(^(^(^(^(^(#))))),#,0),^(^(0)),^(^(0))))
52	R(R(^(^(^(#))),#,^(^(^(^(0))))),0,^(^(^(0))))
53	R(R(^(^(^(#))),#,^(^(0))),^(0),^(^(^(0))))
54	R(R(^(^(^(#))),#,0),^(^(0)),^(^(^(0))))
55	^(R(R(^(^(^(#))),#,0),^(^(0)),^(^(^(0)))))
56	R(R(^(^(^(^(^(#))))),#,^(0)),^(^(0)),^(^(0)))
57	R(R(^(^(^(^(^(^(^(#))))))),#,^(0)),0,^(^(^(0))))
58	R(R(^(^(^(^(#)))),#,^(^(0))),^(^(^(0))),^(^(0)))
59	^(R(R(^(^(^(^(#)))),#,^(^(0))),^(^(^(0))),^(^(0))))
60	R(R(^(^(#)),#,^(^(^(^(0))))),0,^(^(^(^(0)))))
61	R(R(^(^(#)),#,^(^(^(0)))),^(0),^(^(^(^(0)))))
62	R(R(^(^(#)),#,^(^(0))),0,^(^(^(^(^(0))))))
63	R(R(^(^(#)),#,^(0)),0,^(^(^(^(^(^(0)))))))
64	R(R(^(^(^(^(#)))),#,0),^(0),^(^(^(0))))
65	^(R(R(^(^(^(^(#)))),#,0),^(0),^(^(^(0)))))
66	R(R(^(^(^(#))),#,^(^(^(0)))),^(0),^(^(^(0))))
67	R(R(^(^(^(#))),#,^(0)),^(^(0)),^(^(^(0))))
68	^(R(R(^(^(^(#))),#,^(0)),^(^(0)),^(^(^(0)))))
69	R(R(^(^(^(^(#)))),#,^(0)),^(^(^(^(0)))),^(^(0)))
70	^(R(R(^(^(^(^(#)))),#,^(0)),^(^(^(^(0)))),^(^(0))))
71	^(^(R(R(^(^(^(^(#)))),#,^(0)),^(^(^(^(0)))),^(^(0)))))
72	R(R(^(^(^(^(^(^(#)))))),#,0),^(^(0)),^(^(0)))
73	^(R(R(^(^(^(^(^(^(#)))))),#,0),^(^(0)),^(^(0))))
74	R(R(^(^(^(^(#)))),#,^(^(0))),^(^(^(^(0)))),^(^(0)))
75	R(R(^(^(^(^(^(#))))),#,0),^(^(^(0))),^(^(0)))
76	R(R(^(^(#)),#,^(^(^(^(0))))),^(0),^(^(^(^(0)))))
77	R(R(^(^(#)),#,^(^(^(0)))),^(^(0)),^(^(^(^(0)))))
78	R(R(^(^(#)),#,^(^(0))),^(^(^(0))),^(^(^(^(0)))))
79	R(R(^(^(#)),#,^(0)),^(^(^(^(0)))),^(^(^(^(0)))))
80	R(R(^(^(^(#))),#,^(^(0))),0,^(^(^(^(0)))))
81	R(R(^(^(^(#))),#,0),^(0),^(^(^(^(0)))))
82	^(R(R(^(^(^(#))),#,0),^(0),^(^(^(^(0))))))
83	^(^(R(R(^(^(^(#))),#,0),^(0),^(^(^(^(0)))))))
84	R(R(^(^(^(^(#)))),#,^(^(^(^(0))))),0,^(^(^(0))))
85	R(R(^(^(^(^(#)))),#,^(0)),0,^(^(^(^(0)))))
86	^(R(R(^(^(^(^(#)))),#,^(0)),0,^(^(^(^(0))))))
87	^(^(R(R(^(^(^(^(#)))),#,^(0)),0,^(^(^(^(0)))))))
88	^(^(^(R(R(^(^(^(^(#)))),#,^(0)),0,^(^(^(^(0))))))))
89	^(^(^(^(R(R(^(^(^(^(#)))),#,^(0)),0,^(^(^(^(0)))))))))
90	R(R(^(^(#)),#,^(^(^(^(^(^(0))))))),0,^(^(^(^(0)))))
91	R(^(R(R(^(^(^(#))),#,0),^(^(0)),#)),0,^(^(^(0))))
92	R(R(^(^(#)),#,^(^(^(^(0))))),^(^(0)),^(^(^(^(0)))))
93	R(R(^(^(#)),#,^(^(^(0)))),0,^(^(^(^(^(0))))))
94	R(R(^(^(#)),#,^(^(0))),^(0),^(^(^(^(^(0))))))
95	R(R(^(^(#)),#,^(0)),^(^(0)),^(^(^(^(^(0))))))
96	R(R(^(^(#)),#,0),^(^(^(0))),^(^(^(^(^(0))))))
97	^(R(R(^(^(#)),#,0),^(^(^(0))),^(^(^(^(^(0)))))))
98	R(R(^(^(^(^(^(^(^(#))))))),#,0),^(^(0)),^(^(0)))
99	^(R(R(^(^(^(^(^(^(^(#))))))),#,0),^(^(0)),^(^(0))))
100	R(R(^(^(^(^(^(#))))),#,0),^(^(^(^(0)))),^(^(0)))
101	^(R(R(^(^(^(^(^(#))))),#,0),^(^(^(^(0)))),^(^(0))))
102	R(^(R(R(^(^(^(^(#)))),#,^(0)),^(^(0)),#)),0,^(^(0)))
103	^(R(^(R(R(^(^(^(^(#)))),#,^(0)),^(^(0)),#)),0,^(^(0))))
104	R(R(^(^(^(#))),#,^(^(^(^(^(^(^(^(0))))))))),0,^(^(^(0))))
105	R(R(^(^(^(^(#)))),#,^(^(^(^(^(0)))))),0,^(^(^(0))))
106	R(R(^(^(^(^(#)))),#,^(^(0))),^(0),^(^(^(0))))
107	R(R(^(^(^(#))),#,^(^(0))),^(^(^(0))),^(^(^(0))))
108	R(R(^(^(^(#))),#,0),^(^(^(^(0)))),^(^(^(0))))
109	^(R(R(^(^(^(#))),#,0),^(^(^(^(0)))),^(^(^(0)))))
110	^(^(R(R(^(^(^(#))),#,0),^(^(^(^(0)))),^(^(^(0))))))
111	R(R(^(^(#)),#,^(0)),^(^(^(^(^(^(0)))))),^(^(^(^(0)))))
112	R(R(^(^(#)),#,0),^(^(^(^(^(^(^(0))))))),^(^(^(^(0)))))
113	^(R(R(^(^(#)),#,0),^(^(^(^(^(^(^(0))))))),^(^(^(^(0))))))
114	R(R(^(^(^(^(^(^(^(#))))))),#,^(^(0))),0,^(^(^(0))))
115	R(R(^(^(^(^(^(^(#)))))),#,^(0)),^(^(^(0))),^(^(0)))
116	^(R(R(^(^(^(^(^(^(#)))))),#,^(0)),^(^(^(0))),^(^(0))))
117	R(R(^(^(^(^(#)))),#,^(0)),^(^(^(^(^(^(^(0))))))),^(^(0)))
118	R(R(^(^(^(#))),#,^(^(^(^(^(^(^(0)))))))),^(0),^(^(^(0))))
119	R(R(^(^(^(#))),#,^(^(^(^(^(0)))))),^(^(0)),^(^(^(0))))
120	R(R(^(^(^(#))),#,^(^(^(0)))),0,^(^(^(^(0)))))
121	R(R(^(^(^(#))),#,^(0)),0,^(^(^(^(^(0))))))
122	^(R(R(^(^(^(#))),#,^(0)),0,^(^(^(^(^(0)))))))
123	^(^(R(R(^(^(^(#))),#,^(0)),0,^(^(^(^(^(0))))))))
124	R(R(^(^(#)),#,^(^(^(^(0))))),0,^(^(^(^(^(0))))))
125	R(R(^(^(^(^(^(#))))),#,0),^(0),^(^(^(0))))
126	R(R(^(^(#)),#,^(^(0))),0,^(^(^(^(^(^(0)))))))
127	R(R(^(^(#)),#,^(0)),0,^(^(^(^(^(^(^(0))))))))
128	R(R(^(^(^(^(#)))),#,0),^(^(0)),^(^(^(0))))
129	^(R(R(^(^(^(^(#)))),#,0),^(^(0)),^(^(^(0)))))
130	^(^(R(R(^(^(^(^(#)))),#,0),^(^(0)),^(^(^(0))))))
131	^(^(^(R(R(^(^(^(^(#)))),#,0),^(^(0)),^(^(^(0)))))))
132	R(^(^(^(^(R(R(^(^(#)),#,0),#,^(^(0))))))),0,^(^(0)))
133	R(R(^(^(^(#))),#,^(^(^(^(0))))),^(^(^(0))),^(^(^(0))))
134	R(R(^(^(^(#))),#,^(^(0))),^(^(^(^(0)))),^(^(^(0))))
135	R(R(^(^(^(#))),#,0),^(^(^(^(^(0))))),^(^(^(0))))
136	^(R(R(^(^(^(#))),#,0),^(^(^(^(^(0))))),^(^(^(0)))))
137	R(^(R(R(^(^(#)),#,0),^(^(^(0))),#)),^(^(0)),^(^(0)))
138	^(R(^(R(R(^(^(#)),#,0),^(^(^(0))),#)),^(^(0)),^(^(0))))
139	^(^(R(^(R(R(^(^(#)),#,0),^(^(^(0))),#)),^(^(0)),^(^(0)))))
140	R(^(^(R(R(^(^(^(#))),#,^(^(^(0)))),^(^(0)),#))),0,^(^(0)))
141	R(^(^(R(R(^(^(^(#))),#,^(0)),^(^(0)),#))),^(0),^(^(0)))
142	^(R(^(^(R(R(^(^(^(#))),#,^(0)),^(^(0)),#))),^(0),^(^(0))))
143	R(R(^(^(#)),#,^(0)),^(^(^(^(^(^(^(^(0)))))))),^(^(^(^(0)))))
144	R(R(^(^(^(^(^(^(#)))))),#,0),^(^(^(^(0)))),^(^(0)))
145	^(R(R(^(^(^(^(^(^(#)))))),#,0),^(^(^(^(0)))),^(^(0))))
146	R(^(^(R(R(^(^(#)),#,0),^(^(^(0))),#))),0,^(^(^(0))))
147	R(R(^(^(^(^(^(^(^(#))))))),#,0),^(^(^(0))),^(^(0)))
148	R(R(^(^(^(#))),#,^(0)),^(^(^(^(^(0))))),^(^(^(0))))
149	R(R(^(^(^(^(#)))),#,^(0)),^(^(0)),^(^(^(0))))
150	^(R(R(^(^(^(^(#)))),#,^(0)),^(^(0)),^(^(^(0)))))
151	^(^(R(R(^(^(^(^(#)))),#,^(0)),^(^(0)),^(^(^(0))))))
152	^(^(^(R(R(^(^(^(^(#)))),#,^(0)),^(^(0)),^(^(^(0)))))))
153	^(^(^(^(R(R(^(^(^(^(#)))),#,^(0)),^(^(0)),^(^(^(0))))))))
154	R(^(^(^(R(R(^(^(#)),#,^(0)),^(^(^(0))),#)))),^(0),^(^(0)))
155	R(R(^(^(#)),#,^(^(^(^(^(0)))))),0,^(^(^(^(^(0))))))
156	R(R(^(^(^(^(^(#))))),#,^(0)),0,^(^(^(^(0)))))
157	^(R(R(^(^(^(^(^(#))))),#,^(0)),0,^(^(^(^(0))))))
158	R(R(^(^(#)),#,^(^(0))),^(^(^(0))),^(^(^(^(^(0))))))
159	R(R(^(^(#)),#,^(0)),^(^(^(^(0)))),^(^(^(^(^(0))))))
160	R(R(^(^(^(#))),#,^(^(^(^(0))))),0,^(^(^(^(0)))))
161	R(R(^(^(^(#))),#,^(^(0))),^(0),^(^(^(^(0)))))
162	R(R(^(^(^(#))),#,0),^(^(0)),^(^(^(^(0)))))
163	^(R(R(^(^(^(#))),#,0),^(^(0)),^(^(^(^(0))))))
164	^(^(R(R(^(^(^(#))),#,0),^(^(0)),^(^(^(^(0)))))))
165	^(^(^(R(R(^(^(^(#))),#,0),^(^(0)),^(^(^(^(0))))))))
166	^(^(^(^(R(R(^(^(^(#))),#,0),^(^(0)),^(^(^(^(0)))))))))
167	^(^(^(^(^(R(R(^(^(^(#))),#,0),^(^(0)),^(^(^(^(0))))))))))
168	R(^(^(R(R(^(^(#)),#,^(^(0))),^(^(0)),#))),0,^(^(^(0))))
169	R(R(^(^(^(^(#)))),#,^(^(^(^(^(0)))))),^(0),^(^(^(0))))
170	R(R(^(^(^(^(#)))),#,^(^(0))),0,^(^(^(^(0)))))
171	^(R(R(^(^(^(^(#)))),#,^(^(0))),0,^(^(^(^(0))))))
172	^(^(R(R(^(^(^(^(#)))),#,^(^(0))),0,^(^(^(^(0)))))))
173	^(^(^(R(R(^(^(^(^(#)))),#,^(^(0))),0,^(^(^(^(0))))))))
174	R(R(^(^(^(#))),#,^(^(^(0)))),^(^(^(^(^(0))))),^(^(^(0))))
175	R(R(^(^(^(#))),#,^(0)),^(^(^(^(^(^(0)))))),^(^(^(0))))
176	^(R(R(^(^(^(#))),#,^(0)),^(^(^(^(^(^(0)))))),^(^(^(0)))))
177	^(^(R(R(^(^(^(#))),#,^(0)),^(^(^(^(^(^(0)))))),^(^(^(0))))))
180	R(R(^(^(^(^(^(^(#)))))),#,0),^(^(^(^(^(0))))),^(^(0)))
181	^(R(R(^(^(^(^(^(^(#)))))),#,0),^(^(^(^(^(0))))),^(^(0))))
182	R(^(^(R(R(^(^(^(#))),#,0),^(^(0)),#))),0,^(^(^(0))))
183	^(R(^(^(R(R(^(^(^(#))),#,0),^(^(0)),#))),0,^(^(^(0)))))
184	^(^(R(^(^(R(R(^(^(^(#))),#,0),^(^(0)),#))),0,^(^(^(0))))))
185	^(^(^(R(^(^(R(R(^(^(^(#))),#,0),^(^(0)),#))),0,^(^(^(0)))))))
186	R(R(^(^(#)),#,^(^(^(^(^(^(0))))))),0,^(^(^(^(^(0))))))
187	R(R(^(^(^(^(^(#))))),#,^(^(0))),^(0),^(^(^(0))))
188	^(R(R(^(^(^(^(^(#))))),#,^(^(0))),^(0),^(^(^(0)))))
189	R(R(^(^(#)),#,^(^(^(0)))),0,^(^(^(^(^(^(0)))))))
190	R(R(^(^(#)),#,^(^(0))),^(0),^(^(^(^(^(^(0)))))))
191	R(R(^(^(#)),#,^(0)),^(^(0)),^(^(^(^(^(^(0)))))))
192	R(R(^(^(^(^(#)))),#,0),^(^(^(0))),^(^(^(0))))
193	^(R(R(^(^(^(^(#)))),#,0),^(^(^(0))),^(^(^(0)))))
194	^(^(R(R(^(^(^(^(#)))),#,0),^(^(^(0))),^(^(^(0))))))
195	R(^(^(^(R(R(^(^(#)),#,0),#,^(^(^(0))))))),0,^(^(0)))
196	R(R(^(^(^(^(^(^(^(#))))))),#,0),^(^(^(^(0)))),^(^(0)))
197	^(R(R(^(^(^(^(^(^(^(#))))))),#,0),^(^(^(^(0)))),^(^(0))))
198	R(^(R(R(^(^(#)),#,^(^(^(0)))),^(^(^(0))),#)),0,^(^(0)))
199	R(^(R(R(^(^(#)),#,^(^(0))),^(^(^(0))),#)),^(0),^(^(0)))
200	R(R(^(^(^(#))),#,^(^(^(^(^(0)))))),0,^(^(^(^(0)))))
201	R(R(^(^(^(#))),#,^(^(^(0)))),^(0),^(^(^(^(0)))))
202	R(R(^(^(^(#))),#,^(0)),^(^(0)),^(^(^(^(0)))))
203	^(R(R(^(^(^(#))),#,^(0)),^(^(0)),^(^(^(^(0))))))
204	^(^(R(R(^(^(^(#))),#,^(0)),^(^(0)),^(^(^(^(0)))))))
205	^(^(^(R(R(^(^(^(#))),#,^(0)),^(^(0)),^(^(^(^(0))))))))
206	^(^(^(^(R(R(^(^(^(#))),#,^(0)),^(^(0)),^(^(^(^(0)))))))))
207	R(^(^(R(R(^(^(#)),#,^(^(^(0)))),^(^(^(0))),#))),0,^(^(0)))
208	R(^(^(R(R(^(^(#)),#,^(^(0))),^(^(^(0))),#))),^(0),^(^(0)))
209	R(^(^(R(R(^(^(#)),#,^(0)),^(^(^(0))),#))),^(^(0)),^(^(0)))
210	R(^(R(R(^(^(#)),#,^(^(^(0)))),^(^(0)),#)),0,^(^(^(0))))
211	R(^(R(R(^(^(#)),#,^(^(0))),^(^(0)),#)),^(0),^(^(^(0))))
212	R(R(^(^(^(^(#)))),#,^(^(^(^(0))))),^(^(0)),^(^(^(0))))
213	R(R(^(^(^(^(#)))),#,^(0)),^(^(^(0))),^(^(^(0))))
214	^(R(R(^(^(^(^(#)))),#,^(0)),^(^(^(0))),^(^(^(0)))))
215	^(^(R(R(^(^(^(^(#)))),#,^(0)),^(^(^(0))),^(^(^(0))))))
216	R(R(^(^(^(^(^(^(#)))))),#,0),^(0),^(^(^(0))))
217	^(R(R(^(^(^(^(^(^(#)))))),#,0),^(0),^(^(^(0)))))
218	R(R(^(^(^(^(^(#))))),#,^(^(^(0)))),^(0),^(^(^(0))))
219	^(R(R(^(^(^(^(^(#))))),#,^(^(^(0)))),^(0),^(^(^(0)))))
220	R(R(^(^(#)),#,^(^(^(^(0))))),^(^(^(0))),^(^(^(^(^(0))))))
221	R(R(^(^(#)),#,^(^(^(0)))),^(^(^(^(0)))),^(^(^(^(^(0))))))
222	R(R(R(^(^(#)),#,^(^(0))),#,^(^(^(^(^(0)))))),0,^(^(0)))
223	R(R(^(^(#)),#,^(0)),^(^(^(^(^(^(0)))))),^(^(^(^(^(0))))))
224	R(R(^(^(#)),#,0),^(^(^(^(^(^(^(0))))))),^(^(^(^(^(0))))))
225	R(R(R(^(^(^(#))),^(^(^(^(^(0))))),#),#,0),^(0),^(^(0)))
226	^(R(R(R(^(^(^(#))),^(^(^(^(^(0))))),#),#,0),^(0),^(^(0))))
227	^(^(R(R(R(^(^(^(#))),^(^(^(^(^(0))))),#),#,0),^(0),^(^(0)))))
228	R(R(^(^(^(^(^(^(^(#))))))),#,^(^(^(^(0))))),0,^(^(^(0))))
229	R(R(^(^(^(#))),#,^(0)),^(^(^(^(^(^(^(^(0)))))))),^(^(^(0))))
231	R(^(^(R(R(^(^(#)),#,^(^(^(0)))),^(^(0)),#))),0,^(^(^(0))))
232	R(^(^(R(R(^(^(#)),#,^(^(0))),^(^(0)),#))),^(0),^(^(^(0))))
233	R(R(^(^(^(^(#)))),#,^(^(^(^(^(0)))))),^(^(0)),^(^(^(0))))
234	R(R(^(^(^(^(#)))),#,^(^(0))),^(^(^(0))),^(^(^(0))))
235	^(R(R(^(^(^(^(#)))),#,^(^(0))),^(^(^(0))),^(^(^(0)))))
236	^(^(R(R(^(^(^(^(#)))),#,^(^(0))),^(^(^(0))),^(^(^(0))))))
237	^(^(^(R(R(^(^(^(^(#)))),#,^(^(0))),^(^(^(0))),^(^(^(0)))))))
240	R(R(^(^(^(#))),#,^(^(^(^(^(^(0))))))),0,^(^(^(^(0)))))
241	R(R(^(^(^(#))),#,^(^(^(^(0))))),^(0),^(^(^(^(0)))))
242	R(R(^(^(^(#))),#,^(^(0))),0,^(^(^(^(^(0))))))
243	R(R(^(^(^(#))),#,0),^(0),^(^(^(^(^(0))))))
244	^(R(R(^(^(^(#))),#,0),^(0),^(^(^(^(^(0)))))))
245	^(^(R(R(^(^(^(#))),#,0),^(0),^(^(^(^(^(0))))))))
246	^(^(^(R(R(^(^(^(#))),#,0),^(0),^(^(^(^(^(0)))))))))
247	R(^(^(^(^(R(R(^(^(^(#))),#,0),#,^(0)))))),0,^(^(0)))
248	^(R(^(^(^(^(R(R(^(^(^(#))),#,0),#,^(0)))))),0,^(^(0))))
249	R(R(^(^(^(^(^(#))))),#,^(^(^(^(0))))),^(0),^(^(^(0))))
250	R(R(^(^(^(^(^(#))))),#,0),^(^(0)),^(^(^(0))))
251	^(R(R(^(^(^(^(^(#))))),#,0),^(^(0)),^(^(^(0)))))
252	R(R(^(^(#)),#,^(^(^(^(0))))),0,^(^(^(^(^(^(0)))))))
253	R(R(^(^(#)),#,^(^(^(0)))),^(0),^(^(^(^(^(^(0)))))))
254	R(R(^(^(#)),#,^(^(0))),0,^(^(^(^(^(^(^(0))))))))
255	R(R(R(^(^(#)),#,^(0)),#,^(0)),^(^(0)),^(^(0)))
256	R(R(^(^(^(^(#)))),#,0),^(0),^(^(^(^(0)))))
257	^(R(R(^(^(^(^(#)))),#,0),^(0),^(^(^(^(0))))))
258	^(^(R(R(^(^(^(^(#)))),#,0),^(0),^(^(^(^(0)))))))
259	R(R(^(^(^(^(^(^(#)))))),#,^(0)),0,^(^(^(^(0)))))
260	^(R(R(^(^(^(^(^(^(#)))))),#,^(0)),0,^(^(^(^(0))))))
261	^(^(R(R(^(^(^(^(^(^(#)))))),#,^(0)),0,^(^(^(^(0)))))))
262	^(^(^(R(R(^(^(^(^(^(^(#)))))),#,^(0)),0,^(^(^(^(0))))))))
263	R(^(R(R(^(^(#)),#,^(^(0))),^(^(^(0))),#)),^(^(0)),^(^(0)))
264	R(^(R(R(^(^(#)),#,^(0)),^(^(^(0))),#)),^(^(^(0))),^(^(0)))
265	R(^(R(R(^(^(#)),#,0),^(^(^(0))),#)),^(^(^(^(0)))),^(^(0)))
266	^(R(^(R(R(^(^(#)),#,0),^(^(^(0))),#)),^(^(^(^(0)))),^(^(0))))
270	R(^(^(#)),0,R(R(^(^(^(#))),#,0),^(^(^(^(^(0))))),^(^(^(0)))))
272	R(^(R(R(^(^(#)),#,^(0)),^(^(^(^(0)))),#)),0,^(^(0)))
273	R(^(R(R(^(^(#)),#,0),^(^(^(^(0)))),#)),0,^(^(^(0))))
274	^(R(^(R(R(^(^(#)),#,0),^(^(^(^(0)))),#)),0,^(^(^(0)))))
275	R(^(R(R(^(^(#)),#,^(^(0))),^(^(0)),#)),^(^(0)),^(^(^(0))))
276	R(R(^(^(^(^(#)))),#,^(^(^(^(0))))),^(^(^(0))),^(^(^(0))))
277	R(R(^(^(^(^(#)))),#,^(0)),^(^(^(^(0)))),^(^(^(0))))
278	^(R(R(^(^(^(^(#)))),#,^(0)),^(^(^(^(0)))),^(^(^(0)))))
279	^(^(R(R(^(^(^(^(#)))),#,^(0)),^(^(^(^(0)))),^(^(^(0))))))
280	R(R(^(^(^(#))),#,^(^(^(^(^(^(^(0)))))))),0,^(^(^(^(0)))))
281	R(R(^(^(^(^(^(#))))),#,^(0)),^(^(0)),^(^(^(0))))
282	R(R(^(^(^(#))),#,^(^(^(0)))),^(^(0)),^(^(^(^(0)))))
283	R(R(^(^(^(#))),#,^(0)),^(^(^(0))),^(^(^(^(0)))))
284	^(R(R(^(^(^(#))),#,^(0)),^(^(^(0))),^(^(^(^(0))))))
285	^(^(R(R(^(^(^(#))),#,^(0)),^(^(^(0))),^(^(^(^(0)))))))
286	^(^(^(R(R(^(^(^(#))),#,^(0)),^(^(^(0))),^(^(^(^(0))))))))
287	^(^(^(^(R(R(^(^(^(#))),#,^(0)),^(^(^(0))),^(^(^(^(0)))))))))
288	R(R(R(^(^(^(#))),^(^(^(^(0)))),#),#,0),^(^(0)),^(^(0)))
289	R(^(^(R(R(^(^(#)),#,^(0)),^(^(^(^(0)))),#))),0,^(^(0)))
290	R(^(^(R(R(^(^(#)),#,0),^(^(^(^(0)))),#))),^(0),^(^(0)))
291	^(R(^(^(R(R(^(^(#)),#,0),^(^(^(^(0)))),#))),^(0),^(^(0))))
292	R(^(^(^(^(R(R(^(^(#)),#,0),^(^(^(0))),#))))),0,^(^(^(0))))
293	R(^(R(R(^(^(^(#))),#,^(0)),^(^(0)),#)),^(^(^(0))),^(^(0)))
294	R(R(^(^(^(^(^(^(^(#))))))),#,0),^(^(^(^(^(^(0)))))),^(^(0)))
296	R(^(R(R(^(^(^(^(^(^(#)))))),#,^(0)),^(^(0)),#)),0,^(^(0)))
297	R(R(^(^(^(^(#)))),#,^(^(^(^(^(0)))))),^(^(^(0))),^(^(^(0))))
298	R(R(^(^(^(^(#)))),#,^(^(0))),^(^(^(^(0)))),^(^(^(0))))
299	^(R(R(^(^(^(^(#)))),#,^(^(0))),^(^(^(^(0)))),^(^(^(0)))))
300	R(R(R(^(^(#)),^(^(^(^(^(0))))),#),#,0),^(^(^(0))),^(^(0)))
301	R(R(R(^(^(^(#))),^(^(^(^(0)))),#),#,^(0)),^(^(0)),^(^(0)))
302	R(R(^(^(^(^(^(^(#)))))),#,^(^(0))),^(0),^(^(^(0))))
303	^(R(R(^(^(^(^(^(^(#)))))),#,^(^(0))),^(0),^(^(^(0)))))
304	^(^(R(R(^(^(^(^(^(^(#)))))),#,^(^(0))),^(0),^(^(^(0))))))
305	^(^(^(R(R(^(^(^(^(^(^(#)))))),#,^(^(0))),^(0),^(^(^(0)))))))
306	R(^(^(^(R(R(^(^(#)),#,^(0)),^(^(^(^(0)))),#)))),0,^(^(0)))
307	R(^(^(^(R(R(^(^(#)),#,0),^(^(^(^(0)))),#)))),^(0),^(^(0)))
308	^(R(^(^(^(R(R(^(^(#)),#,0),^(^(^(^(0)))),#)))),^(0),^(^(0))))
311	R(R(^(^(^(^(^(#))))),#,^(^(^(^(^(^(0))))))),^(0),^(^(^(0))))
312	R(R(^(^(^(^(^(#))))),#,^(^(0))),0,^(^(^(^(0)))))
313	^(R(R(^(^(^(^(^(#))))),#,^(^(0))),0,^(^(^(^(0))))))
314	^(^(R(R(^(^(^(^(^(#))))),#,^(^(0))),0,^(^(^(^(0)))))))
315	R(R(^(^(#)),#,^(^(^(^(^(0)))))),0,^(^(^(^(^(^(0)))))))
316	R(R(R(^(^(#)),#,^(^(^(^(0))))),#,^(0)),0,^(^(^(0))))
317	R(R(^(^(#)),#,^(^(^(0)))),^(^(0)),^(^(^(^(^(^(0)))))))
318	R(R(^(^(#)),#,^(^(0))),^(^(^(0))),^(^(^(^(^(^(0)))))))
319	R(R(^(^(#)),#,^(0)),^(^(^(^(0)))),^(^(^(^(^(^(0)))))))
320	R(R(^(^(^(^(#)))),#,0),^(^(^(^(^(0))))),^(^(^(0))))
321	R(^(R(R(^(^(#)),#,0),#,^(^(^(^(^(0))))))),0,^(^(0)))
322	R(R(^(^(^(#))),#,^(^(^(^(0))))),^(^(0)),^(^(^(^(0)))))
323	R(R(^(^(^(#))),#,^(^(0))),^(^(^(0))),^(^(^(^(0)))))
324	R(R(^(^(^(#))),#,0),^(^(^(^(0)))),^(^(^(^(0)))))
325	^(R(R(^(^(^(#))),#,0),^(^(^(^(0)))),^(^(^(^(0))))))
326	^(^(R(R(^(^(^(#))),#,0),^(^(^(^(0)))),^(^(^(^(0)))))))
327	^(^(^(R(R(^(^(^(#))),#,0),^(^(^(^(0)))),^(^(^(^(0))))))))
328	^(^(^(^(R(R(^(^(^(#))),#,0),^(^(^(^(0)))),^(^(^(^(0)))))))))
334	R(^(R(R(^(^(^(#))),#,0),^(^(0)),#)),^(^(^(^(0)))),^(^(0)))
335	^(R(^(R(R(^(^(^(#))),#,0),^(^(0)),#)),^(^(^(^(0)))),^(^(0))))
338	R(R(^(R(^(^(^(#))),^(^(^(^(0)))),#)),#,0),^(^(0)),^(^(0)))
339	^(R(R(^(R(^(^(^(#))),^(^(^(^(0)))),#)),#,0),^(^(0)),^(^(0))))
340	R(R(^(^(^(^(#)))),#,^(^(^(^(0))))),0,^(^(^(^(0)))))
341	R(R(^(^(^(^(#)))),#,^(0)),0,^(^(^(^(^(0))))))
342	^(R(R(^(^(^(^(#)))),#,^(0)),0,^(^(^(^(^(0)))))))
343	R(R(^(^(^(^(^(^(^(#))))))),#,0),^(0),^(^(^(0))))
344	^(R(R(^(^(^(^(^(^(^(#))))))),#,0),^(0),^(^(^(0)))))
345	R(R(^(^(^(^(^(^(#)))))),#,^(^(^(0)))),^(0),^(^(^(0))))
346	^(R(R(^(^(^(^(^(^(#)))))),#,^(^(^(0)))),^(0),^(^(^(0)))))
347	^(^(R(R(^(^(^(^(^(^(#)))))),#,^(^(^(0)))),^(0),^(^(^(0))))))
358	R(^(R(R(^(^(^(^(#)))),#,^(0)),^(^(0)),#)),^(0),^(^(0)))
359	^(R(^(R(R(^(^(^(^(#)))),#,^(0)),^(^(0)),#)),^(0),^(^(0))))
360	^(^(R(^(R(R(^(^(^(^(#)))),#,^(0)),^(^(0)),#)),^(0),^(^(0)))))
361	R(R(^(^(^(#))),#,^(^(^(^(^(^(^(0)))))))),^(0),^(^(^(^(0)))))
362	R(R(^(^(^(#))),#,^(^(^(^(^(0)))))),^(^(0)),^(^(^(^(0)))))
363	R(R(^(^(^(#))),#,^(^(^(0)))),0,^(^(^(^(^(0))))))
364	R(R(^(^(^(#))),#,^(0)),0,^(^(^(^(^(^(0)))))))
365	^(R(R(^(^(^(#))),#,^(0)),0,^(^(^(^(^(^(0))))))))
366	R(^(^(R(R(^(^(^(#))),#,^(0)),#,0))),0,^(^(^(0))))
367	^(R(^(^(R(R(^(^(^(#))),#,^(0)),#,0))),0,^(^(^(0)))))
368	R(^(^(^(^(R(R(^(^(^(#))),#,^(0)),#,^(0)))))),0,^(^(0)))
369	R(^(^(^(^(^(R(R(^(^(^(#))),#,^(0)),#,0)))))),^(0),^(^(0)))
370	R(^(^(^(^(^(^(R(R(^(^(^(#))),#,^(0)),#,0))))))),0,^(^(0)))
371	^(R(^(^(^(^(^(^(R(R(^(^(^(#))),#,^(0)),#,0))))))),0,^(^(0))))
374	R(R(^(^(^(^(^(#))))),#,^(^(^(^(0))))),^(^(0)),^(^(^(0))))
375	R(R(^(^(^(^(^(#))))),#,0),^(^(^(0))),^(^(^(0))))
376	^(R(R(^(^(^(^(^(#))))),#,0),^(^(^(0))),^(^(^(0)))))
377	^(^(R(R(^(^(^(^(^(#))))),#,0),^(^(^(0))),^(^(^(0))))))
378	R(R(R(^(^(#)),#,^(^(^(^(^(^(0))))))),#,0),^(0),^(^(0)))
379	R(R(^(^(#)),#,^(^(^(^(^(0)))))),^(0),^(^(^(^(^(^(0)))))))
380	R(R(^(^(#)),#,^(^(^(^(0))))),^(^(0)),^(^(^(^(^(^(0)))))))
381	R(R(^(^(#)),#,^(^(^(0)))),0,^(^(^(^(^(^(^(0))))))))
382	R(R(^(^(#)),#,^(^(0))),^(0),^(^(^(^(^(^(^(0))))))))
383	R(R(^(^(#)),#,^(0)),^(^(0)),^(^(^(^(^(^(^(0))))))))
384	R(R(^(^(#)),#,0),^(^(^(0))),^(^(^(^(^(^(^(0))))))))
385	R(^(R(R(^(^(#)),#,0),#,^(^(^(0))))),^(0),^(^(0)))
386	^(R(^(R(R(^(^(#)),#,0),#,^(^(^(0))))),^(0),^(^(0))))
387	^(^(R(^(R(R(^(^(#)),#,0),#,^(^(^(0))))),^(0),^(^(0)))))
388	R(^(^(^(^(R(R(^(^(#)),#,0),#,^(^(^(0)))))))),0,^(^(0)))
389	^(R(^(^(^(^(R(R(^(^(#)),#,0),#,^(^(^(0)))))))),0,^(^(0))))
390	^(^(R(^(^(^(^(R(R(^(^(#)),#,0),#,^(^(^(0)))))))),0,^(^(0)))))
392	R(^(R(R(^(^(^(#))),#,^(0)),^(^(^(0))),#)),0,^(^(0)))
393	^(R(^(R(R(^(^(^(#))),#,^(0)),^(^(^(0))),#)),0,^(^(0))))
394	^(^(R(^(R(R(^(^(^(#))),#,^(0)),^(^(^(0))),#)),0,^(^(0)))))
395	^(^(^(R(^(R(R(^(^(^(#))),#,^(0)),^(^(^(0))),#)),0,^(^(0))))))
400	R(R(^(^(^(^(^(^(^(#))))))),#,^(0)),0,^(^(^(^(0)))))
401	^(R(R(^(^(^(^(^(^(^(#))))))),#,^(0)),0,^(^(^(^(0))))))
402	^(^(R(R(^(^(^(^(^(^(^(#))))))),#,^(0)),0,^(^(^(^(0)))))))
403	R(R(^(^(^(#))),#,^(^(^(^(0))))),^(^(^(0))),^(^(^(^(0)))))
404	R(R(^(^(^(#))),#,^(^(0))),^(^(^(^(0)))),^(^(^(^(0)))))
405	R(R(^(^(^(#))),#,0),^(^(^(^(^(0))))),^(^(^(^(0)))))
406	R(R(^(^(^(^(^(#))))),#,^(0)),^(^(^(0))),^(^(^(0))))
407	^(R(R(^(^(^(^(^(#))))),#,^(0)),^(^(^(0))),^(^(^(0)))))
408	^(^(R(R(^(^(^(^(^(#))))),#,^(0)),^(^(^(0))),^(^(^(0))))))
409	^(^(^(R(R(^(^(^(^(^(#))))),#,^(0)),^(^(^(0))),^(^(^(0)))))))
420	R(^(^(R(R(^(^(^(#))),#,^(0)),^(^(^(0))),#))),0,^(^(0)))
421	^(R(^(^(R(R(^(^(^(#))),#,^(0)),^(^(^(0))),#))),0,^(^(0))))
422	^(^(R(^(^(R(R(^(^(^(#))),#,^(0)),^(^(^(0))),#))),0,^(^(0)))))
425	R(R(^(^(^(^(#)))),#,^(^(^(^(^(0)))))),0,^(^(^(^(0)))))
426	R(R(^(^(^(^(#)))),#,^(^(0))),^(0),^(^(^(^(0)))))
427	^(R(R(^(^(^(^(#)))),#,^(^(0))),^(0),^(^(^(^(0))))))
428	^(^(R(R(^(^(^(^(#)))),#,^(^(0))),^(0),^(^(^(^(0)))))))
429	^(^(^(R(R(^(^(^(^(#)))),#,^(^(0))),^(0),^(^(^(^(0))))))))
430	^(^(^(^(R(R(^(^(^(^(#)))),#,^(^(0))),^(0),^(^(^(^(0)))))))))
431	R(R(^(^(^(^(^(^(#)))))),#,^(^(^(^(^(0)))))),^(0),^(^(^(0))))
432	R(R(^(^(^(^(^(^(#)))))),#,0),^(^(0)),^(^(^(0))))
433	^(R(R(^(^(^(^(^(^(#)))))),#,0),^(^(0)),^(^(^(0)))))
434	^(^(R(R(^(^(^(^(^(^(#)))))),#,0),^(^(0)),^(^(^(0))))))
435	^(^(^(R(R(^(^(^(^(^(^(#)))))),#,0),^(^(0)),^(^(^(0)))))))
436	^(^(^(^(R(R(^(^(^(^(^(^(#)))))),#,0),^(^(0)),^(^(^(0))))))))
437	R(R(^(^(^(^(^(#))))),#,^(^(0))),^(^(^(0))),^(^(^(0))))
438	^(R(R(^(^(^(^(^(#))))),#,^(^(0))),^(^(^(0))),^(^(^(0)))))
439	^(^(R(R(^(^(^(^(^(#))))),#,^(^(0))),^(^(^(0))),^(^(^(0))))))
441	R(R(^(^(#)),#,^(^(^(^(^(^(^(0)))))))),0,^(^(^(^(^(^(0)))))))
442	R(R(^(^(#)),#,^(^(^(^(^(^(0))))))),^(0),^(^(^(^(^(^(0)))))))
443	R(^(R(R(^(^(^(^(#)))),#,^(^(0))),^(^(0)),#)),^(0),^(^(0)))
444	R(R(^(^(^(#))),#,^(^(^(0)))),^(^(^(^(0)))),^(^(^(^(0)))))
445	R(R(^(^(^(#))),#,^(0)),^(^(^(^(^(0))))),^(^(^(^(0)))))
446	^(R(R(^(^(^(#))),#,^(0)),^(^(^(^(^(0))))),^(^(^(^(0))))))
447	R(R(R(^(^(#)),#,^(0)),#,^(^(^(^(^(^(0))))))),0,^(^(0)))
448	R(R(^(^(^(^(#)))),#,0),^(^(^(^(^(^(^(0))))))),^(^(^(0))))
449	^(R(R(^(^(^(^(#)))),#,0),^(^(^(^(^(^(^(0))))))),^(^(^(0)))))
450	R(R(R(^(^(^(#))),^(^(^(^(^(0))))),#),#,0),^(^(0)),^(^(0)))
451	^(R(R(R(^(^(^(#))),^(^(^(^(^(0))))),#),#,0),^(^(0)),^(^(0))))
455	R(^(R(R(^(^(^(#))),#,^(0)),^(^(0)),#)),0,^(^(^(0))))
456	^(R(^(R(R(^(^(^(#))),#,^(0)),^(^(0)),#)),0,^(^(^(0)))))
457	R(R(^(^(^(^(^(^(^(#))))))),#,^(^(0))),^(0),^(^(^(0))))
458	^(R(R(^(^(^(^(^(^(^(#))))))),#,^(^(0))),^(0),^(^(^(0)))))
459	^(^(R(R(^(^(^(^(^(^(^(#))))))),#,^(^(0))),^(0),^(^(^(0))))))
468	R(R(^(^(^(^(^(#))))),#,^(^(^(0)))),0,^(^(^(^(0)))))
469	^(R(R(^(^(^(^(^(#))))),#,^(^(^(0)))),0,^(^(^(^(0))))))
470	^(^(R(R(^(^(^(^(^(#))))),#,^(^(^(0)))),0,^(^(^(^(0)))))))
471	^(^(^(R(R(^(^(^(^(^(#))))),#,^(^(^(0)))),0,^(^(^(^(0))))))))
475	R(R(^(^(^(^(^(^(#)))))),#,^(0)),^(^(0)),^(^(^(0))))
476	^(R(R(^(^(^(^(^(^(#)))))),#,^(0)),^(^(0)),^(^(^(0)))))
477	^(^(R(R(^(^(^(^(^(^(#)))))),#,^(0)),^(^(0)),^(^(^(0))))))
478	^(^(^(R(R(^(^(^(^(^(^(#)))))),#,^(0)),^(^(0)),^(^(^(0)))))))
484	R(R(^(^(^(#))),#,^(^(^(^(0))))),0,^(^(^(^(^(0))))))
485	R(R(^(^(^(#))),#,^(^(0))),^(0),^(^(^(^(^(0))))))
486	R(R(^(^(^(#))),#,0),^(^(0)),^(^(^(^(^(0))))))
487	^(R(R(^(^(^(#))),#,0),^(^(0)),^(^(^(^(^(0)))))))
488	^(^(R(R(^(^(^(#))),#,0),^(^(0)),^(^(^(^(^(0))))))))
489	R(^(^(^(R(R(^(^(^(#))),#,0),#,^(^(0)))))),0,^(^(0)))
490	^(R(^(^(^(R(R(^(^(^(#))),#,0),#,^(^(0)))))),0,^(^(0))))
491	^(^(R(^(^(^(R(R(^(^(^(#))),#,0),#,^(^(0)))))),0,^(^(0)))))
492	^(^(^(R(^(^(^(R(R(^(^(^(#))),#,0),#,^(^(0)))))),0,^(^(0))))))
499	R(R(^(^(^(^(^(#))))),#,^(^(^(^(0))))),^(^(^(0))),^(^(^(0))))
500	R(R(^(^(^(^(^(#))))),#,0),^(^(^(^(0)))),^(^(^(0))))
501	^(R(R(^(^(^(^(^(#))))),#,0),^(^(^(^(0)))),^(^(^(0)))))
502	^(^(R(R(^(^(^(^(^(#))))),#,0),^(^(^(^(0)))),^(^(^(0))))))
503	^(^(^(R(R(^(^(^(^(^(#))))),#,0),^(^(^(^(0)))),^(^(^(0)))))))
508	R(R(^(^(#)),#,^(^(^(^(0))))),0,^(^(^(^(^(^(^(0))))))))
509	R(R(^(^(#)),#,^(^(^(0)))),^(0),^(^(^(^(^(^(^(0))))))))
510	R(R(^(^(#)),#,^(^(0))),0,^(^(^(^(^(^(^(^(0)))))))))
511	R(R(R(^(^(#)),#,^(0)),#,^(^(^(0)))),^(0),^(^(0)))
512	R(R(R(^(^(#)),#,0),#,^(^(0))),0,^(^(^(0))))
513	R(^(R(R(^(^(#)),#,0),#,^(0))),^(0),^(^(^(0))))
514	^(R(^(R(R(^(^(#)),#,0),#,^(0))),^(0),^(^(^(0)))))
515	^(^(R(^(R(R(^(^(#)),#,0),#,^(0))),^(0),^(^(^(0))))))
516	R(^(^(^(^(R(R(^(^(#)),#,0),#,^(^(0))))))),^(0),^(^(0)))
517	R(^(^(^(^(^(R(R(^(^(#)),#,0),#,^(0))))))),^(^(0)),^(^(0)))
518	R(R(^(^(^(^(^(^(#)))))),#,^(^(0))),0,^(^(^(^(0)))))
519	^(R(R(^(^(^(^(^(^(#)))))),#,^(^(0))),0,^(^(^(^(0))))))
520	^(^(R(R(^(^(^(^(^(^(#)))))),#,^(^(0))),0,^(^(^(^(0)))))))
521	^(^(^(R(R(^(^(^(^(^(^(#)))))),#,^(^(0))),0,^(^(^(^(0))))))))
525	R(R(^(^(^(#))),#,^(^(^(0)))),^(^(^(^(^(0))))),^(^(^(^(0)))))
526	R(R(^(^(^(#))),#,^(0)),^(^(^(^(^(^(0)))))),^(^(^(^(0)))))
527	R(^(R(R(^(^(#)),#,^(^(0))),^(^(^(^(0)))),#)),0,^(^(0)))
528	R(^(R(R(^(^(#)),#,^(0)),^(^(^(^(0)))),#)),^(0),^(^(0)))
529	R(^(R(R(^(^(#)),#,0),^(^(^(^(0)))),#)),^(^(0)),^(^(0)))
530	^(R(^(R(R(^(^(#)),#,0),^(^(^(^(0)))),#)),^(^(0)),^(^(0))))
531	R(R(^(^(^(^(^(#))))),#,^(0)),^(^(^(^(0)))),^(^(^(0))))
532	^(R(R(^(^(^(^(^(#))))),#,^(0)),^(^(^(^(0)))),^(^(^(0)))))
533	^(^(R(R(^(^(^(^(^(#))))),#,^(0)),^(^(^(^(0)))),^(^(^(0))))))
544	R(^(^(R(R(^(^(#)),#,^(^(0))),^(^(^(^(0)))),#))),0,^(^(0)))
545	R(^(^(R(R(^(^(#)),#,^(0)),^(^(^(^(0)))),#))),^(0),^(^(0)))
546	R(^(^(R(R(^(^(#)),#,0),^(^(^(^(0)))),#))),0,^(^(^(0))))
547	^(R(^(^(R(R(^(^(#)),#,0),^(^(^(^(0)))),#))),0,^(^(^(0)))))
548	^(^(R(^(^(R(R(^(^(#)),#,0),^(^(^(^(0)))),#))),0,^(^(^(0))))))
561	R(R(^(^(^(^(^(^(#)))))),#,^(^(^(0)))),^(^(0)),^(^(^(0))))
562	R(R(^(^(^(^(^(#))))),#,^(^(0))),^(^(^(^(0)))),^(^(^(0))))
563	^(R(R(^(^(^(^(^(#))))),#,^(^(0))),^(^(^(^(0)))),^(^(^(0)))))
566	R(R(^(^(^(#))),#,^(^(0))),^(^(^(^(^(^(0)))))),^(^(^(^(0)))))
567	R(R(^(^(^(#))),#,0),^(^(^(^(^(^(^(0))))))),^(^(^(^(0)))))
568	^(R(R(^(^(^(#))),#,0),^(^(^(^(^(^(^(0))))))),^(^(^(^(0))))))
571	R(R(^(^(^(^(^(^(^(#))))))),#,^(^(^(^(0))))),^(0),^(^(^(0))))
584	R(^(R(R(^(^(#)),#,^(0)),^(^(^(0))),#)),0,^(^(^(0))))
585	R(^(R(R(^(^(#)),#,0),^(^(^(0))),#)),0,^(^(^(^(0)))))
586	^(R(^(R(R(^(^(#)),#,0),^(^(^(0))),#)),0,^(^(^(^(0))))))
587	^(^(R(^(R(R(^(^(#)),#,0),^(^(^(0))),#)),0,^(^(^(^(0)))))))
588	^(^(^(R(^(R(R(^(^(#)),#,0),^(^(^(0))),#)),0,^(^(^(^(0))))))))
593	R(R(^(^(^(^(^(#))))),#,^(^(^(0)))),^(^(^(^(0)))),^(^(^(0))))
595	R(^(R(R(^(^(#)),#,^(^(0))),^(^(0)),#)),0,^(^(^(^(0)))))
596	R(R(^(^(^(^(#)))),#,^(^(^(^(0))))),^(0),^(^(^(^(0)))))
597	R(R(^(^(^(^(#)))),#,^(0)),^(^(0)),^(^(^(^(0)))))
598	^(R(R(^(^(^(^(#)))),#,^(0)),^(^(0)),^(^(^(^(0))))))
599	^(^(R(R(^(^(^(^(#)))),#,^(0)),^(^(0)),^(^(^(^(0)))))))
600	^(^(^(R(R(^(^(^(^(#)))),#,^(0)),^(^(0)),^(^(^(^(0))))))))
601	^(^(^(^(R(R(^(^(^(^(#)))),#,^(0)),^(^(0)),^(^(^(^(0)))))))))
604	R(R(^(^(^(^(^(^(#)))))),#,^(^(^(^(0))))),^(^(0)),^(^(^(0))))
605	R(R(^(^(^(#))),#,^(^(^(^(^(0)))))),0,^(^(^(^(^(0))))))
606	R(R(^(^(^(#))),#,^(^(^(0)))),^(0),^(^(^(^(^(0))))))
607	R(R(^(^(^(#))),#,^(0)),^(^(0)),^(^(^(^(^(0))))))
608	^(R(R(^(^(^(#))),#,^(0)),^(^(0)),^(^(^(^(^(0)))))))
609	^(^(R(R(^(^(^(#))),#,^(0)),^(^(0)),^(^(^(^(^(0))))))))
610	R(^(^(^(R(R(^(^(^(#))),#,^(0)),#,^(^(0)))))),0,^(^(0)))
611	^(R(^(^(^(R(R(^(^(^(#))),#,^(0)),#,^(^(0)))))),0,^(^(0))))
612	^(^(R(^(^(^(R(R(^(^(^(#))),#,^(0)),#,^(^(0)))))),0,^(^(0)))))
614	R(^(R(R(^(^(^(^(#)))),#,^(0)),^(^(0)),#)),^(^(0)),^(^(0)))
615	^(R(^(R(R(^(^(^(^(#)))),#,^(0)),^(^(0)),#)),^(^(0)),^(^(0))))
624	R(R(^(^(^(^(^(#))))),#,^(^(^(^(0))))),0,^(^(^(^(0)))))
625	R(R(^(^(^(^(^(#))))),#,0),^(0),^(^(^(^(0)))))
626	^(R(R(^(^(^(^(^(#))))),#,0),^(0),^(^(^(^(0))))))
627	^(^(R(R(^(^(^(^(^(#))))),#,0),^(0),^(^(^(^(0)))))))
628	^(^(^(R(R(^(^(^(^(^(#))))),#,0),^(0),^(^(^(^(0))))))))
629	^(^(^(^(R(R(^(^(^(^(^(#))))),#,0),^(0),^(^(^(^(0)))))))))
630	^(^(^(^(^(R(R(^(^(^(^(^(#))))),#,0),^(0),^(^(^(^(0))))))))))
635	R(R(^(^(#)),#,^(^(^(^(^(0)))))),0,^(^(^(^(^(^(^(0))))))))
636	R(R(^(^(#)),#,^(^(^(^(0))))),^(0),^(^(^(^(^(^(^(0))))))))
637	R(R(R(^(^(#)),#,^(^(^(0)))),#,^(^(0))),^(0),^(^(0)))
638	^(R(R(R(^(^(#)),#,^(^(^(0)))),#,^(^(0))),^(0),^(^(0))))
639	R(R(^(^(#)),#,^(0)),^(^(^(^(0)))),^(^(^(^(^(^(^(0))))))))
640	R(R(^(^(#)),#,0),^(^(^(^(^(0))))),^(^(^(^(^(^(^(0))))))))
641	^(R(R(^(^(#)),#,0),^(^(^(^(^(0))))),^(^(^(^(^(^(^(0)))))))))
642	R(^(^(R(R(^(^(#)),#,0),#,^(^(^(^(^(0)))))))),0,^(^(0)))
643	^(R(^(^(R(R(^(^(#)),#,0),#,^(^(^(^(^(0)))))))),0,^(^(0))))
644	^(^(R(^(^(R(R(^(^(#)),#,0),#,^(^(^(^(^(0)))))))),0,^(^(0)))))
648	R(R(^(^(^(^(^(^(#)))))),#,0),^(^(^(0))),^(^(^(0))))
649	^(R(R(^(^(^(^(^(^(#)))))),#,0),^(^(^(0))),^(^(^(0)))))
650	^(^(R(R(^(^(^(^(^(^(#)))))),#,0),^(^(^(0))),^(^(^(0))))))
651	R(^(R(R(^(^(^(^(^(#))))),#,0),^(^(0)),#)),0,^(^(^(0))))
652	^(R(^(R(R(^(^(^(^(^(#))))),#,0),^(^(0)),#)),0,^(^(^(0)))))
653	^(^(R(^(R(R(^(^(^(^(^(#))))),#,0),^(^(0)),#)),0,^(^(^(0))))))
656	R(R(^(^(^(^(^(#))))),#,^(0)),^(^(^(^(^(0))))),^(^(^(0))))
657	R(^(^(R(R(^(^(#)),#,^(0)),^(^(^(0))),#))),0,^(^(^(0))))
658	R(^(^(R(R(^(^(#)),#,0),^(^(^(0))),#))),^(0),^(^(^(0))))
659	^(R(^(^(R(R(^(^(#)),#,0),^(^(^(0))),#))),^(0),^(^(^(0)))))
660	^(^(R(^(^(R(R(^(^(#)),#,0),^(^(^(0))),#))),^(0),^(^(^(0))))))
677	R(^(^(R(R(^(^(^(^(^(#))))),#,0),^(^(0)),#))),^(0),^(^(0)))
678	^(R(^(^(R(R(^(^(^(^(^(#))))),#,0),^(^(0)),#))),^(0),^(^(0))))
680	R(^(^(R(R(^(^(#)),#,^(^(0))),^(^(0)),#))),0,^(^(^(^(0)))))
681	R(R(^(^(^(^(#)))),#,^(^(^(^(^(0)))))),^(0),^(^(^(^(0)))))
682	R(R(^(^(^(^(#)))),#,^(^(0))),0,^(^(^(^(^(0))))))
683	^(R(R(^(^(^(^(#)))),#,^(^(0))),0,^(^(^(^(^(0)))))))
684	^(^(R(R(^(^(^(^(#)))),#,^(^(0))),0,^(^(^(^(^(0))))))))
685	^(^(^(R(R(^(^(^(^(#)))),#,^(^(0))),0,^(^(^(^(^(0)))))))))
686	R(R(^(^(^(^(^(^(^(#))))))),#,0),^(^(0)),^(^(^(0))))
687	^(R(R(^(^(^(^(^(^(^(#))))))),#,0),^(^(0)),^(^(^(0)))))
688	^(^(R(R(^(^(^(^(^(^(^(#))))))),#,0),^(^(0)),^(^(^(0))))))
689	^(^(^(R(R(^(^(^(^(^(^(^(#))))))),#,0),^(^(0)),^(^(^(0)))))))
691	R(R(^(^(^(^(^(^(#)))))),#,^(0)),^(^(^(0))),^(^(^(0))))
692	^(R(R(^(^(^(^(^(^(#)))))),#,^(0)),^(^(^(0))),^(^(^(0)))))
693	^(^(R(R(^(^(^(^(^(^(#)))))),#,^(0)),^(^(^(0))),^(^(^(0))))))
726	R(R(^(^(^(#))),#,^(^(^(^(^(^(0))))))),0,^(^(^(^(^(0))))))
727	R(R(^(^(^(#))),#,^(^(^(^(0))))),^(0),^(^(^(^(^(0))))))
728	R(R(^(^(^(#))),#,^(^(0))),0,^(^(^(^(^(^(0)))))))
729	R(R(^(^(^(#))),#,0),^(0),^(^(^(^(^(^(0)))))))
730	^(R(R(^(^(^(#))),#,0),^(0),^(^(^(^(^(^(0))))))))
731	^(^(R(R(^(^(^(#))),#,0),^(0),^(^(^(^(^(^(0)))))))))
732	R(^(^(^(R(R(^(^(^(#))),#,0),#,^(0))))),^(0),^(^(0)))
733	^(R(^(^(^(R(R(^(^(^(#))),#,0),#,^(0))))),^(0),^(^(0))))
734	R(^(^(^(^(^(R(R(^(^(^(#))),#,0),#,^(0))))))),0,^(^(0)))
735	^(R(^(^(^(^(^(R(R(^(^(^(#))),#,0),#,^(0))))))),0,^(^(0))))
736	^(^(R(^(^(^(^(^(R(R(^(^(^(#))),#,0),#,^(0))))))),0,^(^(0)))))
743	R(R(^(^(^(^(^(^(^(#))))))),#,^(0)),^(^(0)),^(^(^(0))))
744	^(R(R(^(^(^(^(^(^(^(#))))))),#,^(0)),^(^(0)),^(^(^(0)))))
745	^(^(R(R(^(^(^(^(^(^(^(#))))))),#,^(0)),^(^(0)),^(^(^(0))))))
750	R(R(^(^(^(^(^(#))))),#,0),^(^(^(^(^(^(0)))))),^(^(^(0))))
751	^(R(R(^(^(^(^(^(#))))),#,0),^(^(^(^(^(^(0)))))),^(^(^(0)))))
756	R(^(R(R(^(^(^(#))),#,^(^(0))),^(^(^(0))),#)),0,^(^(0)))
757	R(^(R(R(^(^(^(#))),#,0),^(^(^(0))),#)),0,^(^(^(0))))
758	^(R(^(R(R(^(^(^(#))),#,0),^(^(^(0))),#)),0,^(^(^(0)))))
759	^(^(R(^(R(R(^(^(^(#))),#,0),^(^(^(0))),#)),0,^(^(^(0))))))
760	^(^(^(R(^(R(R(^(^(^(#))),#,0),^(^(^(0))),#)),0,^(^(^(0)))))))
762	R(R(^(^(#)),#,^(^(^(^(^(^(0))))))),0,^(^(^(^(^(^(^(0))))))))
763	R(R(R(^(^(#)),#,^(^(^(^(^(0)))))),#,^(0)),0,^(^(^(0))))
764	^(R(R(R(^(^(#)),#,^(^(^(^(^(0)))))),#,^(0)),0,^(^(^(0)))))
765	R(R(^(^(#)),#,^(^(^(0)))),0,^(^(^(^(^(^(^(^(0)))))))))
766	R(R(^(^(#)),#,^(^(0))),^(0),^(^(^(^(^(^(^(^(0)))))))))
767	R(R(^(^(#)),#,^(0)),^(^(0)),^(^(^(^(^(^(^(^(0)))))))))
768	R(R(^(^(^(^(#)))),#,0),^(^(^(0))),^(^(^(^(0)))))
769	^(R(R(^(^(^(^(#)))),#,0),^(^(^(0))),^(^(^(^(0))))))
770	R(^(^(R(R(^(^(#)),#,0),#,^(^(^(0)))))),^(0),^(^(0)))
771	^(R(^(^(R(R(^(^(#)),#,0),#,^(^(^(0)))))),^(0),^(^(0))))
772	^(^(R(^(^(R(R(^(^(#)),#,0),#,^(^(^(0)))))),^(0),^(^(0)))))
773	R(^(^(^(^(^(R(R(^(^(#)),#,0),#,^(^(^(0))))))))),0,^(^(0)))
774	^(R(^(^(^(^(^(R(R(^(^(#)),#,0),#,^(^(^(0))))))))),0,^(^(0))))
777	R(R(^(^(^(^(^(^(#)))))),#,^(^(^(0)))),0,^(^(^(^(0)))))
778	^(R(R(^(^(^(^(^(^(#)))))),#,^(^(^(0)))),0,^(^(^(^(0))))))
779	^(^(R(R(^(^(^(^(^(^(#)))))),#,^(^(^(0)))),0,^(^(^(^(0)))))))
780	R(R(^(^(^(^(^(#))))),#,^(^(^(^(^(0)))))),0,^(^(^(^(0)))))
781	R(R(^(^(^(^(^(#))))),#,^(0)),0,^(^(^(^(^(0))))))
782	^(R(R(^(^(^(^(^(#))))),#,^(0)),0,^(^(^(^(^(0)))))))
783	^(^(R(R(^(^(^(^(^(#))))),#,^(0)),0,^(^(^(^(^(0))))))))
784	^(^(^(R(R(^(^(^(^(^(#))))),#,^(0)),0,^(^(^(^(^(0)))))))))
785	R(^(^(R(R(^(^(^(#))),#,0),^(^(^(0))),#))),^(0),^(^(0)))
786	^(R(^(^(R(R(^(^(^(#))),#,0),^(^(^(0))),#))),^(0),^(^(0))))
787	^(^(R(^(^(R(R(^(^(^(#))),#,0),^(^(^(0))),#))),^(0),^(^(0)))))
800	R(R(^(^(^(^(^(^(^(#))))))),#,^(^(0))),0,^(^(^(^(0)))))
801	^(R(R(^(^(^(^(^(^(^(#))))))),#,^(^(0))),0,^(^(^(^(0))))))
802	^(^(R(R(^(^(^(^(^(^(^(#))))))),#,^(^(0))),0,^(^(^(^(0)))))))
807	R(^(R(R(^(^(^(^(^(#))))),#,^(0)),^(^(0)),#)),^(0),^(^(0)))
808	^(R(^(R(R(^(^(^(^(^(#))))),#,^(0)),^(^(0)),#)),^(0),^(^(0))))
813	R(^(^(^(R(R(^(^(^(#))),#,0),^(^(^(0))),#)))),^(0),^(^(0)))
814	^(R(^(^(^(R(R(^(^(^(#))),#,0),^(^(^(0))),#)))),^(0),^(^(0))))
819	R(^(R(R(^(^(^(#))),#,^(^(0))),^(^(0)),#)),0,^(^(^(0))))
820	R(^(R(R(^(^(^(#))),#,0),^(^(0)),#)),0,^(^(^(^(0)))))
821	^(R(^(R(R(^(^(^(#))),#,0),^(^(0)),#)),0,^(^(^(^(0))))))
822	^(^(R(^(R(R(^(^(^(#))),#,0),^(^(0)),#)),0,^(^(^(^(0)))))))
823	^(^(^(R(^(R(R(^(^(^(#))),#,0),^(^(0)),#)),0,^(^(^(^(0))))))))
847	R(R(^(^(^(#))),#,^(^(^(^(^(^(^(0)))))))),0,^(^(^(^(^(0))))))
848	R(R(^(^(^(#))),#,^(^(^(^(^(0)))))),^(0),^(^(^(^(^(0))))))
849	R(R(^(^(^(#))),#,^(^(^(0)))),^(^(0)),^(^(^(^(^(0))))))
850	R(R(^(^(^(#))),#,^(0)),^(^(^(0))),^(^(^(^(^(0))))))
851	^(R(R(^(^(^(#))),#,^(0)),^(^(^(0))),^(^(^(^(^(0)))))))
852	R(^(^(R(R(^(^(^(#))),#,^(0)),#,^(^(^(0)))))),0,^(^(0)))
853	R(R(^(^(^(^(#)))),#,^(0)),^(^(^(0))),^(^(^(^(0)))))
854	^(R(R(^(^(^(^(#)))),#,^(0)),^(^(^(0))),^(^(^(^(0))))))
855	^(^(R(R(^(^(^(^(#)))),#,^(0)),^(^(^(0))),^(^(^(^(0)))))))
856	^(^(^(R(R(^(^(^(^(#)))),#,^(0)),^(^(^(0))),^(^(^(^(0))))))))
857	R(R(^(^(^(^(^(^(^(#))))))),#,^(^(^(0)))),^(^(0)),^(^(^(0))))
864	R(R(^(^(^(^(^(^(#)))))),#,0),^(^(^(^(0)))),^(^(^(0))))
865	^(R(R(^(^(^(^(^(^(#)))))),#,0),^(^(^(^(0)))),^(^(^(0)))))
866	^(^(R(R(^(^(^(^(^(^(#)))))),#,0),^(^(^(^(0)))),^(^(^(0))))))
875	R(R(^(^(^(^(^(#))))),#,0),^(^(^(^(^(^(^(0))))))),^(^(^(0))))
889	R(R(R(^(^(#)),#,^(^(^(^(^(^(^(0)))))))),#,0),^(0),^(^(0)))
890	^(R(R(R(^(^(#)),#,^(^(^(^(^(^(^(0)))))))),#,0),^(0),^(^(0))))
896	R(R(R(^(^(#)),#,0),#,^(^(^(^(^(^(^(0)))))))),0,^(^(0)))
897	^(R(R(R(^(^(#)),#,0),#,^(^(^(^(^(^(^(0)))))))),0,^(^(0))))
898	^(^(R(R(R(^(^(#)),#,0),#,^(^(^(^(^(^(^(0)))))))),0,^(^(0)))))
907	R(R(^(^(^(^(^(^(#)))))),#,^(0)),^(^(^(^(0)))),^(^(^(0))))
908	^(R(R(^(^(^(^(^(^(#)))))),#,^(0)),^(^(^(^(0)))),^(^(^(0)))))
910	R(^(^(R(R(^(^(^(#))),#,^(^(0))),^(^(0)),#))),0,^(^(^(0))))
911	R(^(^(R(R(^(^(^(#))),#,0),^(^(0)),#))),^(0),^(^(^(0))))
912	^(R(^(^(R(R(^(^(^(#))),#,0),^(^(0)),#))),^(0),^(^(^(0)))))
913	^(^(R(^(^(R(R(^(^(^(#))),#,0),^(^(0)),#))),^(0),^(^(^(0))))))
936	R(R(^(^(^(^(^(#))))),#,^(^(^(^(^(^(0))))))),0,^(^(^(^(0)))))
937	R(R(^(^(^(^(^(#))))),#,^(^(0))),^(0),^(^(^(^(0)))))
938	R(R(^(^(^(^(#)))),#,^(^(0))),^(^(^(0))),^(^(^(^(0)))))
939	^(R(R(^(^(^(^(#)))),#,^(^(0))),^(^(^(0))),^(^(^(^(0))))))
940	^(^(R(R(^(^(^(^(#)))),#,^(^(0))),^(^(^(0))),^(^(^(^(0)))))))
950	R(R(^(^(^(^(^(^(#)))))),#,^(^(0))),^(^(^(^(0)))),^(^(^(0))))
969	R(R(^(^(^(#))),#,^(^(^(^(^(^(0))))))),^(0),^(^(^(^(^(0))))))
970	R(R(^(^(^(#))),#,^(^(^(^(0))))),^(^(0)),^(^(^(^(^(0))))))
971	R(R(^(^(^(#))),#,^(^(0))),^(^(^(0))),^(^(^(^(^(0))))))
972	R(R(^(^(^(#))),#,0),^(^(^(^(0)))),^(^(^(^(^(0))))))
973	R(^(R(R(^(^(^(#))),#,0),#,^(^(^(^(0)))))),0,^(^(0)))
974	^(R(^(R(R(^(^(^(#))),#,0),#,^(^(^(^(0)))))),0,^(^(0))))
975	^(^(R(^(R(R(^(^(^(#))),#,0),#,^(^(^(^(0)))))),0,^(^(0)))))
976	^(^(^(R(^(R(R(^(^(^(#))),#,0),#,^(^(^(^(0)))))),0,^(^(0))))))
1000	R(R(R(^(^(#)),^(^(^(^(^(0))))),#),#,0),^(0),^(^(^(0))))
1001	^(R(R(R(^(^(#)),^(^(^(^(^(0))))),#),#,0),^(0),^(^(^(0)))))
1002	R(^(^(^(R(R(^(^(^(#))),#,0),^(^(0)),#)))),^(0),^(^(^(0))))
1003	^(R(^(^(^(R(R(^(^(^(#))),#,0),^(^(0)),#)))),^(0),^(^(^(0)))))
1020	R(R(^(^(#)),#,^(^(^(^(0))))),0,^(^(^(^(^(^(^(^(0)))))))))
1021	R(R(^(^(#)),#,^(^(^(0)))),^(0),^(^(^(^(^(^(^(^(0)))))))))
1022	R(R(R(^(^(#)),#,^(^(0))),^(^(^(0))),#),0,^(^(^(0))))
1023	R(R(^(^(^(^(#)))),#,^(^(^(0)))),0,^(^(^(^(^(0))))))
1024	R(R(^(^(^(^(#)))),#,0),^(0),^(^(^(^(^(0))))))
1025	^(R(R(^(^(^(^(#)))),#,0),^(0),^(^(^(^(^(0)))))))
1026	R(^(^(R(R(^(^(#)),#,0),#,^(0)))),0,^(^(^(0))))
1027	^(R(^(^(R(R(^(^(#)),#,0),#,^(0)))),0,^(^(^(0)))))
1028	^(^(R(^(^(R(R(^(^(#)),#,0),#,^(0)))),0,^(^(^(0))))))
1029	R(R(^(^(^(^(^(^(^(#))))))),#,0),^(^(^(0))),^(^(^(0))))
1030	^(R(R(^(^(^(^(^(^(^(#))))))),#,0),^(^(^(0))),^(^(^(0)))))
1031	^(^(R(R(^(^(^(^(^(^(^(#))))))),#,0),^(^(^(0))),^(^(^(0))))))
1036	R(R(^(^(^(^(^(^(#)))))),#,^(^(^(^(0))))),0,^(^(^(^(0)))))
1037	^(R(R(^(^(^(^(^(^(#)))))),#,^(^(^(^(0))))),0,^(^(^(^(0))))))
1056	R(^(R(R(^(^(#)),#,^(0)),^(^(^(^(^(0))))),#)),0,^(^(0)))
1057	R(^(R(R(^(^(#)),#,0),^(^(^(^(^(0))))),#)),0,^(^(^(0))))
1058	^(R(^(R(R(^(^(#)),#,0),^(^(^(^(^(0))))),#)),0,^(^(^(0)))))
1059	^(^(R(^(R(R(^(^(#)),#,0),^(^(^(^(^(0))))),#)),0,^(^(^(0))))))
1080	R(R(^(^(^(^(^(^(#)))))),#,0),^(^(^(^(^(0))))),^(^(^(0))))
1081	^(R(R(^(^(^(^(^(^(#)))))),#,0),^(^(^(^(^(0))))),^(^(^(0)))))
1086	R(R(^(^(^(^(^(^(^(#))))))),#,^(0)),^(^(^(0))),^(^(^(0))))
1087	^(R(R(^(^(^(^(^(^(^(#))))))),#,^(0)),^(^(^(0))),^(^(^(0)))))
1089	R(^(^(R(R(^(^(#)),#,^(0)),^(^(^(^(^(0))))),#))),0,^(^(0)))
1090	R(^(^(R(R(^(^(#)),#,0),^(^(^(^(^(0))))),#))),^(0),^(^(0)))
1091	R(R(^(^(^(#))),#,^(^(^(^(^(0)))))),^(^(0)),^(^(^(^(^(0))))))
1092	R(R(^(^(^(#))),#,^(^(^(0)))),0,^(^(^(^(^(^(0)))))))
1093	R(R(^(^(^(#))),#,^(0)),0,^(^(^(^(^(^(^(0))))))))
1094	^(R(R(^(^(^(#))),#,^(0)),0,^(^(^(^(^(^(^(0)))))))))
1095	R(^(^(R(R(^(^(^(#))),#,^(0)),#,^(0)))),^(0),^(^(0)))
1096	R(^(R(R(^(^(#)),#,^(0)),^(^(^(0))),#)),^(0),^(^(^(0))))
1097	R(^(R(R(^(^(#)),#,0),^(^(^(0))),#)),^(^(0)),^(^(^(0))))
1098	R(^(^(^(^(^(R(R(^(^(^(#))),#,^(0)),#,^(0))))))),0,^(^(0)))
1099	^(R(^(^(^(^(^(R(R(^(^(^(#))),#,^(0)),#,^(0))))))),0,^(^(0))))
1108	R(R(^(^(^(^(#)))),#,^(^(^(^(0))))),^(^(^(0))),^(^(^(^(0)))))
1109	R(R(^(^(^(^(#)))),#,^(0)),^(^(^(^(0)))),^(^(^(^(0)))))
1110	^(R(R(^(^(^(^(#)))),#,^(0)),^(^(^(^(0)))),^(^(^(^(0))))))
1111	R(R(R(^(^(#)),^(^(^(^(^(0))))),#),#,^(0)),0,^(^(^(^(0)))))
1112	^(R(R(R(^(^(#)),^(^(^(^(^(0))))),#),#,^(0)),0,^(^(^(^(0))))))
1120	R(^(R(R(^(^(^(#))),#,^(^(^(0)))),^(^(^(0))),#)),0,^(^(0)))
1121	R(^(R(R(^(^(^(#))),#,^(0)),^(^(^(0))),#)),^(0),^(^(0)))
1122	^(R(^(R(R(^(^(^(#))),#,^(0)),^(^(^(0))),#)),^(0),^(^(0))))
1123	R(R(^(^(^(^(^(^(#)))))),#,^(0)),^(^(^(^(^(0))))),^(^(^(0))))
1143	R(R(^(^(^(^(^(^(^(#))))))),#,^(^(0))),^(^(^(0))),^(^(^(0))))
1149	R(^(^(R(R(^(^(^(#))),#,^(0)),^(^(^(0))),#))),^(0),^(^(0)))
1150	^(R(^(^(R(R(^(^(^(#))),#,^(0)),^(^(^(0))),#))),^(0),^(^(0))))
1168	R(^(^(R(R(^(^(#)),#,^(^(0))),^(^(^(0))),#))),0,^(^(^(0))))
1169	R(^(^(R(R(^(^(#)),#,^(0)),^(^(^(0))),#))),^(0),^(^(^(0))))
1170	R(^(^(R(R(^(^(#)),#,0),^(^(^(0))),#))),0,^(^(^(^(0)))))
1171	^(R(^(^(R(R(^(^(#)),#,0),^(^(^(0))),#))),0,^(^(^(^(0))))))
1172	^(^(R(^(^(R(R(^(^(#)),#,0),^(^(^(0))),#))),0,^(^(^(^(0)))))))
1183	R(^(R(R(^(^(^(#))),#,^(^(^(0)))),^(^(0)),#)),0,^(^(^(0))))
1184	R(^(R(R(^(^(^(#))),#,^(0)),^(^(0)),#)),^(0),^(^(^(0))))
1185	^(R(^(R(R(^(^(^(#))),#,^(0)),^(^(0)),#)),^(0),^(^(^(0)))))
1186	^(^(R(^(R(R(^(^(^(#))),#,^(0)),^(^(0)),#)),^(0),^(^(^(0))))))
1194	R(R(^(^(^(^(#)))),#,^(^(0))),^(^(^(^(0)))),^(^(^(^(0)))))
1195	^(R(R(^(^(^(^(#)))),#,^(^(0))),^(^(^(^(0)))),^(^(^(^(0))))))
1200	R(R(^(^(^(^(^(^(^(#))))))),#,^(^(^(0)))),0,^(^(^(^(0)))))
1201	^(R(R(^(^(^(^(^(^(^(#))))))),#,^(^(^(0)))),0,^(^(^(^(0))))))
1213	R(R(^(^(^(#))),#,^(^(^(^(0))))),^(^(^(0))),^(^(^(^(^(0))))))
1214	R(R(^(^(^(#))),#,^(^(0))),^(^(^(^(0)))),^(^(^(^(^(0))))))
1215	R(R(R(^(^(^(#))),#,0),#,^(^(^(^(^(0)))))),0,^(^(0)))
1216	^(R(R(R(^(^(^(#))),#,0),#,^(^(^(^(^(0)))))),0,^(^(0))))
1217	^(^(R(R(R(^(^(^(#))),#,0),#,^(^(^(^(^(0)))))),0,^(^(0)))))
1218	^(^(^(R(R(R(^(^(^(#))),#,0),#,^(^(^(^(^(0)))))),0,^(^(0))))))
1249	R(R(^(^(^(^(^(#))))),#,^(^(^(^(0))))),^(0),^(^(^(^(0)))))
1250	R(R(^(^(^(^(^(#))))),#,0),^(^(0)),^(^(^(^(0)))))
1251	^(R(R(^(^(^(^(^(#))))),#,0),^(^(0)),^(^(^(^(0))))))
1252	^(^(R(R(^(^(^(^(^(#))))),#,0),^(^(0)),^(^(^(^(0)))))))
1253	^(^(^(R(R(^(^(^(^(^(#))))),#,0),^(^(0)),^(^(^(^(0))))))))
1254	^(^(^(^(R(R(^(^(^(^(^(#))))),#,0),^(^(0)),^(^(^(^(0)))))))))
1275	R(^(^(R(R(^(^(^(#))),#,^(0)),^(^(0)),#))),^(0),^(^(^(0))))
1276	R(^(R(R(^(^(^(^(^(#))))),#,0),^(^(0)),#)),^(^(0)),^(^(0)))
1277	R(R(^(^(#)),#,^(^(^(0)))),^(^(0)),^(^(^(^(^(^(^(^(0)))))))))
1278	R(R(R(^(^(#)),#,^(^(0))),#,^(^(^(0)))),^(0),^(^(0)))
1279	^(R(R(R(^(^(#)),#,^(^(0))),#,^(^(^(0)))),^(0),^(^(0))))
1280	R(R(^(^(^(^(#)))),#,0),^(^(^(^(^(0))))),^(^(^(^(0)))))
1281	^(R(R(^(^(^(^(#)))),#,0),^(^(^(^(^(0))))),^(^(^(^(0))))))
1282	^(^(R(R(^(^(^(^(#)))),#,0),^(^(^(^(^(0))))),^(^(^(^(0)))))))
1283	R(^(^(^(R(R(^(^(#)),#,0),#,^(^(^(^(^(0))))))))),0,^(^(0)))
1284	^(R(^(^(^(R(R(^(^(#)),#,0),#,^(^(^(^(^(0))))))))),0,^(^(0))))
1295	R(R(^(^(^(^(^(^(#)))))),#,^(^(^(^(^(0)))))),0,^(^(^(^(0)))))
1296	R(R(^(^(^(^(^(^(#)))))),#,0),^(0),^(^(^(^(0)))))
1297	^(R(R(^(^(^(^(^(^(#)))))),#,0),^(0),^(^(^(^(0))))))
1298	^(^(R(R(^(^(^(^(^(^(#)))))),#,0),^(0),^(^(^(^(0)))))))
1299	^(^(^(R(R(^(^(^(^(^(^(#)))))),#,0),^(0),^(^(^(^(0))))))))
1300	^(^(^(^(R(R(^(^(^(^(^(^(#)))))),#,0),^(0),^(^(^(^(0)))))))))
1302	R(^(^(R(R(^(^(^(^(^(#))))),#,0),^(^(0)),#))),0,^(^(^(0))))
1303	^(R(^(^(R(R(^(^(^(^(^(#))))),#,0),^(^(0)),#))),0,^(^(^(0)))))
1331	R(R(^(R(^(^(#)),^(^(^(^(^(0))))),#)),#,0),^(0),^(^(^(0))))
1332	^(R(R(^(R(^(^(#)),^(^(^(^(^(0))))),#)),#,0),^(0),^(^(^(0)))))
1333	R(^(R(R(^(^(^(^(^(^(#)))))),#,0),^(^(0)),#)),0,^(^(^(0))))
1334	^(R(^(R(R(^(^(^(^(^(^(#)))))),#,0),^(^(0)),#)),0,^(^(^(0)))))
1335	R(R(^(^(^(#))),#,^(^(^(0)))),^(^(^(^(0)))),^(^(^(^(^(0))))))
1336	R(R(R(^(^(^(#))),#,^(0)),#,^(^(^(^(^(0)))))),0,^(^(0)))
1337	^(R(R(R(^(^(^(#))),#,^(0)),#,^(^(^(^(^(0)))))),0,^(^(0))))
1338	^(^(R(R(R(^(^(^(#))),#,^(0)),#,^(^(^(^(^(0)))))),0,^(^(0)))))
1364	R(R(^(^(^(^(#)))),#,^(^(^(^(0))))),0,^(^(^(^(^(0))))))
1365	R(R(^(^(^(^(#)))),#,^(0)),0,^(^(^(^(^(^(0)))))))
1366	^(R(R(^(^(^(^(#)))),#,^(0)),0,^(^(^(^(^(^(0))))))))
1367	^(^(R(R(^(^(^(^(#)))),#,^(0)),0,^(^(^(^(^(^(0)))))))))
1368	^(^(^(R(R(^(^(^(^(#)))),#,^(0)),0,^(^(^(^(^(^(0))))))))))
1369	R(^(^(^(^(R(R(^(^(^(^(#)))),#,^(0)),#,^(0)))))),0,^(^(0)))
1370	^(R(^(^(^(^(R(R(^(^(^(^(#)))),#,^(0)),#,^(0)))))),0,^(^(0))))
1372	R(R(^(^(^(^(^(^(^(#))))))),#,0),^(^(^(^(0)))),^(^(^(0))))
1373	^(R(R(^(^(^(^(^(^(^(#))))))),#,0),^(^(^(^(0)))),^(^(^(0)))))
1405	R(R(^(^(^(^(^(#))))),#,^(^(^(^(^(0)))))),^(0),^(^(^(^(0)))))
1406	R(R(^(^(^(^(^(#))))),#,^(0)),^(^(0)),^(^(^(^(0)))))
1407	^(R(R(^(^(^(^(^(#))))),#,^(0)),^(^(0)),^(^(^(^(0))))))
1408	^(^(R(R(^(^(^(^(^(#))))),#,^(0)),^(^(0)),^(^(^(^(0)))))))
1409	^(^(^(R(R(^(^(^(^(^(#))))),#,^(0)),^(^(0)),^(^(^(^(0))))))))
1429	R(R(^(^(^(^(^(^(^(#))))))),#,^(0)),^(^(^(^(0)))),^(^(^(0))))
1430	R(^(R(R(^(^(^(^(#)))),#,^(0)),^(^(^(0))),#)),0,^(^(0)))
1431	^(R(^(R(R(^(^(^(^(#)))),#,^(0)),^(^(^(0))),#)),0,^(^(0))))
1432	^(^(R(^(R(R(^(^(^(^(#)))),#,^(0)),^(^(^(0))),#)),0,^(^(0)))))
1450	R(R(^(^(^(^(#)))),#,^(^(0))),^(^(^(^(^(0))))),^(^(^(^(0)))))
1456	R(R(^(^(^(#))),#,^(^(^(^(0))))),0,^(^(^(^(^(^(0)))))))
1457	R(R(^(^(^(#))),#,^(^(0))),^(0),^(^(^(^(^(^(0)))))))
1458	R(R(R(^(^(^(#))),#,0),#,^(^(0))),^(0),^(^(0)))
1459	^(R(R(R(^(^(^(#))),#,0),#,^(^(0))),^(0),^(^(0))))
1460	^(^(R(R(R(^(^(^(#))),#,0),#,^(^(0))),^(0),^(^(0)))))
1461	^(^(^(R(R(R(^(^(^(#))),#,0),#,^(^(0))),^(0),^(^(0))))))
1462	R(^(^(^(^(R(R(^(^(^(#))),#,0),#,^(^(0))))))),0,^(^(0)))
1463	^(R(^(^(^(^(R(R(^(^(^(#))),#,0),#,^(^(0))))))),0,^(^(0))))
1464	^(^(R(^(^(^(^(R(R(^(^(^(#))),#,0),#,^(^(0))))))),0,^(^(0)))))
1485	R(^(R(R(^(^(^(#))),#,^(^(0))),^(^(^(0))),#)),^(0),^(^(0)))
1486	R(^(R(R(^(^(^(#))),#,0),^(^(^(0))),#)),^(^(0)),^(^(0)))
1487	^(R(^(R(R(^(^(^(#))),#,0),^(^(^(0))),#)),^(^(0)),^(^(0))))
1488	^(^(R(^(R(R(^(^(^(#))),#,0),^(^(^(0))),#)),^(^(0)),^(^(0)))))
1495	R(^(^(R(R(^(^(^(^(#)))),#,^(0)),^(^(^(0))),#))),0,^(^(0)))
1496	^(R(^(^(R(R(^(^(^(^(#)))),#,^(0)),^(^(^(0))),#))),0,^(^(0))))
1514	R(^(^(R(R(^(^(^(#))),#,0),^(^(^(0))),#))),0,^(^(^(0))))
1515	^(R(^(^(R(R(^(^(^(#))),#,0),^(^(^(0))),#))),0,^(^(^(0)))))
1516	^(^(R(^(^(R(R(^(^(^(#))),#,0),^(^(^(0))),#))),0,^(^(^(0))))))
1532	R(R(R(^(^(#)),#,^(^(^(^(0))))),#,^(^(0))),^(0),^(^(0)))
1533	R(R(R(^(^(#)),#,^(^(^(0)))),#,0),^(^(0)),^(^(0)))
1534	^(R(R(R(^(^(#)),#,^(^(^(0)))),#,0),^(^(0)),^(^(0))))
1535	R(R(R(^(^(#)),#,^(0)),^(^(^(0))),#),^(^(0)),^(^(^(0))))
1536	R(R(R(^(^(#)),#,0),^(^(^(0))),#),^(^(^(0))),^(^(^(0))))
1537	^(R(R(R(^(^(#)),#,0),^(^(^(0))),#),^(^(^(0))),^(^(^(0)))))
1538	R(^(^(R(R(^(^(#)),#,0),#,^(^(^(^(^(^(0))))))))),0,^(^(0)))
1539	R(^(^(^(R(R(^(^(#)),#,0),#,^(^(^(0))))))),^(0),^(^(0)))
1540	^(R(^(^(^(R(R(^(^(#)),#,0),#,^(^(^(0))))))),^(0),^(^(0))))
1541	^(^(R(^(^(^(R(R(^(^(#)),#,0),#,^(^(^(0))))))),^(0),^(^(0)))))
1548	R(^(R(R(^(^(^(#))),#,^(^(0))),^(^(0)),#)),^(0),^(^(^(0))))
1549	R(^(R(R(^(^(^(#))),#,0),^(^(0)),#)),^(^(0)),^(^(^(0))))
1550	^(R(^(R(R(^(^(^(#))),#,0),^(^(0)),#)),^(^(0)),^(^(^(0)))))
1551	^(^(R(^(R(R(^(^(^(#))),#,0),^(^(0)),#)),^(^(0)),^(^(^(0))))))
1555	R(R(^(^(^(^(^(^(#)))))),#,^(0)),0,^(^(^(^(^(0))))))
1556	^(R(R(^(^(^(^(^(^(#)))))),#,^(0)),0,^(^(^(^(^(0)))))))
1557	^(^(R(R(^(^(^(^(^(^(#)))))),#,^(0)),0,^(^(^(^(^(0))))))))
1558	^(^(^(R(R(^(^(^(^(^(^(#)))))),#,^(0)),0,^(^(^(^(^(0)))))))))
1562	R(R(^(^(^(^(^(#))))),#,^(^(0))),0,^(^(^(^(^(0))))))
1563	^(R(R(^(^(^(^(^(#))))),#,^(^(0))),0,^(^(^(^(^(0)))))))
1564	^(^(R(R(^(^(^(^(^(#))))),#,^(^(0))),0,^(^(^(^(^(0))))))))
1565	^(^(^(R(R(^(^(^(^(^(#))))),#,^(^(0))),0,^(^(^(^(^(0)))))))))
1579	R(R(^(^(^(#))),#,^(0)),^(^(^(^(^(^(0)))))),^(^(^(^(^(0))))))
1600	R(R(^(^(^(^(^(^(^(#))))))),#,^(^(^(^(0))))),0,^(^(^(^(0)))))
1606	R(^(R(R(^(^(#)),#,^(^(^(0)))),^(^(^(0))),#)),0,^(^(^(0))))
1607	R(^(R(R(^(^(#)),#,^(^(0))),^(^(^(0))),#)),^(0),^(^(^(0))))
1608	R(^(R(R(^(^(#)),#,^(0)),^(^(^(0))),#)),^(^(0)),^(^(^(0))))
1609	R(^(R(R(^(^(#)),#,0),^(^(^(0))),#)),^(^(^(0))),^(^(^(0))))
1610	^(R(^(R(R(^(^(#)),#,0),^(^(^(0))),#)),^(^(^(0))),^(^(^(0)))))
1621	R(R(^(^(^(^(#)))),#,^(0)),^(^(^(^(^(^(0)))))),^(^(^(^(0)))))
1638	R(^(R(R(^(^(^(^(#)))),#,^(0)),^(^(0)),#)),0,^(^(^(0))))
1639	^(R(^(R(R(^(^(^(^(#)))),#,^(0)),^(^(0)),#)),0,^(^(^(0)))))
1640	R(^(^(R(R(^(^(^(#))),#,0),^(^(0)),#))),0,^(^(^(^(0)))))
1641	^(R(^(^(R(R(^(^(^(#))),#,0),^(^(0)),#))),0,^(^(^(^(0))))))
1642	^(^(R(^(^(R(R(^(^(^(#))),#,0),^(^(0)),#))),0,^(^(^(^(0)))))))
1701	R(R(^(^(^(#))),#,0),^(^(^(^(^(^(^(0))))))),^(^(^(^(^(0))))))
1705	R(R(^(^(^(^(#)))),#,^(^(^(^(^(0)))))),0,^(^(^(^(^(0))))))
1706	R(R(^(^(^(^(#)))),#,^(^(0))),^(0),^(^(^(^(^(0))))))
1707	^(R(R(^(^(^(^(#)))),#,^(^(0))),^(0),^(^(^(^(^(0)))))))
1708	^(^(R(R(^(^(^(^(#)))),#,^(^(0))),^(0),^(^(^(^(^(0))))))))
1709	^(^(^(R(R(^(^(^(^(#)))),#,^(^(0))),^(0),^(^(^(^(^(0)))))))))
1715	R(R(^(^(^(^(^(^(^(#))))))),#,0),^(^(^(^(^(0))))),^(^(^(0))))
1718	R(R(^(^(^(^(^(#))))),#,^(^(^(0)))),^(^(0)),^(^(^(^(0)))))
1719	^(R(R(^(^(^(^(^(#))))),#,^(^(^(0)))),^(^(0)),^(^(^(^(0))))))
1728	R(R(R(^(^(^(#))),^(^(^(^(0)))),#),#,0),^(0),^(^(^(0))))
1729	^(R(R(R(^(^(^(#))),^(^(^(^(0)))),#),#,0),^(0),^(^(^(0)))))
1730	^(^(R(R(R(^(^(^(#))),^(^(^(^(0)))),#),#,0),^(0),^(^(^(0))))))
1755	R(^(^(^(R(R(^(^(#)),#,0),^(^(^(0))),#)))),0,^(^(^(^(0)))))
1756	^(R(^(^(^(R(R(^(^(#)),#,0),^(^(^(0))),#)))),0,^(^(^(^(0))))))
1786	R(R(R(^(^(#)),#,^(^(^(^(^(^(0))))))),#,^(0)),0,^(^(^(0))))
1787	^(R(R(R(^(^(#)),#,^(^(^(^(^(^(0))))))),#,^(0)),0,^(^(^(0)))))
1792	R(R(^(^(^(^(#)))),#,0),^(^(^(^(^(^(^(0))))))),^(^(^(^(0)))))
1793	R(^(R(R(^(^(#)),#,0),#,^(^(^(^(^(^(^(0))))))))),0,^(^(0)))
1794	^(R(^(R(R(^(^(#)),#,0),#,^(^(^(^(^(^(^(0))))))))),0,^(^(0))))
1814	R(R(^(^(^(^(^(^(#)))))),#,^(^(0))),^(0),^(^(^(^(0)))))
1815	^(R(R(^(^(^(^(^(^(#)))))),#,^(^(0))),^(0),^(^(^(^(0))))))
1816	^(^(R(R(^(^(^(^(^(^(#)))))),#,^(^(0))),^(0),^(^(^(^(0)))))))
1820	R(R(^(^(^(#))),#,^(^(^(^(^(0)))))),0,^(^(^(^(^(^(0)))))))
1821	R(R(R(^(^(^(#))),#,^(^(^(0)))),#,^(0)),0,^(^(^(0))))
1822	R(R(^(^(^(#))),#,^(0)),^(^(0)),^(^(^(^(^(^(0)))))))
1823	^(R(R(^(^(^(#))),#,^(0)),^(^(0)),^(^(^(^(^(^(0))))))))
1824	^(^(R(R(^(^(^(#))),#,^(0)),^(^(0)),^(^(^(^(^(^(0)))))))))
1825	^(^(^(R(R(^(^(^(#))),#,^(0)),^(^(0)),^(^(^(^(^(^(0))))))))))
1826	R(^(^(^(^(R(R(^(^(^(#))),#,^(0)),#,^(^(0))))))),0,^(^(0)))
1827	^(R(^(^(^(^(R(R(^(^(^(#))),#,^(0)),#,^(^(0))))))),0,^(^(0))))
1850	R(^(R(R(^(^(^(#))),#,^(0)),^(^(^(0))),#)),^(^(0)),^(^(0)))
1851	^(R(^(R(R(^(^(^(#))),#,^(0)),^(^(^(0))),#)),^(^(0)),^(^(0))))
1874	R(R(^(^(^(^(^(#))))),#,^(^(^(^(0))))),^(^(0)),^(^(^(^(0)))))
1875	R(R(^(^(^(^(^(#))))),#,0),^(^(^(0))),^(^(^(^(0)))))
1876	^(R(R(^(^(^(^(^(#))))),#,0),^(^(^(0))),^(^(^(^(0))))))
1877	^(^(R(R(^(^(^(^(^(#))))),#,0),^(^(^(0))),^(^(^(^(0)))))))
1878	^(^(^(R(R(^(^(^(^(^(#))))),#,0),^(^(^(0))),^(^(^(^(0))))))))
1885	R(R(R(^(^(^(#))),^(^(^(^(0)))),#),#,^(0)),0,^(^(^(^(0)))))
1886	^(R(R(R(^(^(^(#))),^(^(^(^(0)))),#),#,^(0)),0,^(^(^(^(0))))))
1911	R(^(^(R(R(^(^(^(^(#)))),#,^(0)),^(^(0)),#))),0,^(^(^(0))))
1912	^(R(^(^(R(R(^(^(^(^(#)))),#,^(0)),^(^(0)),#))),0,^(^(^(0)))))
1913	R(^(R(R(^(^(^(#))),#,^(0)),^(^(0)),#)),^(^(0)),^(^(^(0))))
1914	^(R(^(R(R(^(^(^(#))),#,^(0)),^(^(0)),#)),^(^(0)),^(^(^(0)))))
2000	R(R(R(^(^(#)),^(^(^(^(^(0))))),#),#,0),^(^(0)),^(^(^(0))))
2001	^(R(R(R(^(^(#)),^(^(^(^(^(0))))),#),#,0),^(^(0)),^(^(^(0)))))
2031	R(R(^(^(^(^(^(#))))),#,^(0)),^(^(^(0))),^(^(^(^(0)))))
2032	^(R(R(^(^(^(^(^(#))))),#,^(0)),^(^(^(0))),^(^(^(^(0))))))
2033	^(^(R(R(^(^(^(^(^(#))))),#,^(0)),^(^(^(0))),^(^(^(^(0)))))))
2044	R(R(R(^(^(#)),#,^(^(^(^(0))))),^(^(^(0))),#),0,^(^(^(0))))
2045	R(R(R(^(^(#)),#,^(^(^(0)))),^(^(^(0))),#),^(0),^(^(^(0))))
2046	R(R(R(^(^(#)),#,^(^(0))),^(^(0)),#),0,^(^(^(^(^(0))))))
2047	R(R(^(^(^(^(#)))),#,^(^(^(0)))),^(0),^(^(^(^(^(0))))))
2048	R(R(^(^(^(^(#)))),#,0),^(^(0)),^(^(^(^(^(0))))))
2049	^(R(R(^(^(^(^(#)))),#,0),^(^(0)),^(^(^(^(^(0)))))))
2050	R(^(^(R(R(^(^(#)),#,0),#,^(^(0))))),^(^(0)),^(^(0)))
2051	R(^(^(^(R(R(^(^(#)),#,0),#,^(0))))),^(^(^(0))),^(^(0)))
2052	^(R(^(^(^(R(R(^(^(#)),#,0),#,^(0))))),^(^(^(0))),^(^(0))))
2053	^(^(R(^(^(^(R(R(^(^(#)),#,0),#,^(0))))),^(^(^(0))),^(^(0)))))
2073	R(R(^(^(^(^(^(^(#)))))),#,^(^(^(0)))),^(0),^(^(^(^(0)))))
2074	^(R(R(^(^(^(^(^(^(#)))))),#,^(^(^(0)))),^(0),^(^(^(^(0))))))
2079	R(^(R(R(^(^(#)),#,^(^(0))),^(^(^(^(^(0))))),#)),0,^(^(0)))
2080	R(^(R(R(^(^(#)),#,^(0)),^(^(^(^(^(0))))),#)),^(0),^(^(0)))
2081	R(^(R(R(^(^(#)),#,0),^(^(^(^(^(0))))),#)),^(^(0)),^(^(0)))
2082	^(R(^(R(R(^(^(#)),#,0),^(^(^(^(^(0))))),#)),^(^(0)),^(^(0))))
2114	R(^(^(R(R(^(^(#)),#,0),^(^(^(^(^(0))))),#))),0,^(^(^(0))))
2115	^(R(^(^(R(R(^(^(#)),#,0),^(^(^(^(^(0))))),#))),0,^(^(^(0)))))
2184	R(R(R(^(^(^(#))),#,^(^(^(^(^(^(0))))))),#,0),^(0),^(^(0)))
2185	R(R(^(^(^(#))),#,^(^(^(^(0))))),^(0),^(^(^(^(^(^(0)))))))
2186	R(R(^(^(^(#))),#,^(^(0))),0,^(^(^(^(^(^(^(0))))))))
2187	R(R(^(^(^(#))),#,0),^(0),^(^(^(^(^(^(^(0))))))))
2188	^(R(R(^(^(^(#))),#,0),^(0),^(^(^(^(^(^(^(0)))))))))
2189	^(^(R(R(^(^(^(#))),#,0),^(0),^(^(^(^(^(^(^(0))))))))))
2190	R(^(^(^(R(R(^(^(^(#))),#,0),#,^(^(^(0))))))),0,^(^(0)))
2191	R(^(^(^(^(R(R(^(^(^(#))),#,0),#,^(0)))))),^(0),^(^(0)))
2192	^(R(^(^(^(^(R(R(^(^(^(#))),#,0),#,^(0)))))),^(0),^(^(0))))
2193	R(^(^(^(^(^(^(R(R(^(^(^(#))),#,0),#,^(0)))))))),0,^(^(0)))
2194	^(R(^(^(^(^(^(^(R(R(^(^(^(#))),#,0),#,^(0)))))))),0,^(^(0))))
2197	R(R(^(R(^(^(^(#))),^(^(^(^(0)))),#)),#,0),^(0),^(^(^(0))))
2198	^(R(R(^(R(^(^(^(#))),^(^(^(^(0)))),#)),#,0),^(0),^(^(^(0)))))
2215	R(^(R(R(^(^(^(#))),#,0),^(^(^(0))),#)),^(^(^(0))),^(^(0)))
2216	^(R(^(R(R(^(^(^(#))),#,0),^(^(^(0))),#)),^(^(^(0))),^(^(0))))
2271	R(^(^(^(R(R(^(^(^(#))),#,0),^(^(^(0))),#)))),0,^(^(^(0))))
2272	^(R(^(^(^(R(R(^(^(^(#))),#,0),^(^(^(0))),#)))),0,^(^(^(0)))))
2278	R(^(R(R(^(^(^(#))),#,0),^(^(0)),#)),^(^(^(0))),^(^(^(0))))
2279	^(R(^(R(R(^(^(^(#))),#,0),^(^(0)),#)),^(^(^(0))),^(^(^(0)))))
2332	R(R(^(^(^(^(^(^(#)))))),#,^(^(^(^(0))))),^(0),^(^(^(^(0)))))
2343	R(R(^(^(^(^(^(#))))),#,^(^(^(0)))),0,^(^(^(^(^(0))))))
2344	^(R(R(^(^(^(^(^(#))))),#,^(^(^(0)))),0,^(^(^(^(^(0)))))))
2345	^(^(R(R(^(^(^(^(^(#))))),#,^(^(^(0)))),0,^(^(^(^(^(0))))))))
2387	R(^(R(R(^(^(#)),#,^(^(0))),^(^(0)),#)),0,^(^(^(^(^(0))))))
2388	R(R(^(^(^(^(#)))),#,^(^(^(^(0))))),^(0),^(^(^(^(^(0))))))
2389	R(R(^(^(^(^(#)))),#,^(0)),^(^(0)),^(^(^(^(^(0))))))
2390	^(R(R(^(^(^(^(#)))),#,^(0)),^(^(0)),^(^(^(^(^(0)))))))
2391	^(^(R(R(^(^(^(^(#)))),#,^(0)),^(^(0)),^(^(^(^(^(0))))))))
2392	R(^(^(^(R(R(^(^(^(^(#)))),#,^(0)),#,^(^(0)))))),0,^(^(0)))
2393	^(R(^(^(^(R(R(^(^(^(^(#)))),#,^(0)),#,^(^(0)))))),0,^(^(0))))
2401	R(R(^(^(^(^(^(^(^(#))))))),#,0),^(0),^(^(^(^(0)))))
2402	^(R(R(^(^(^(^(^(^(^(#))))))),#,0),^(0),^(^(^(^(0))))))
2403	^(^(R(R(^(^(^(^(^(^(^(#))))))),#,0),^(0),^(^(^(^(0)))))))
2404	^(^(^(R(R(^(^(^(^(^(^(^(#))))))),#,0),^(0),^(^(^(^(0))))))))
2460	R(^(^(^(R(R(^(^(^(#))),#,0),^(^(0)),#)))),0,^(^(^(^(0)))))
2461	^(R(^(^(^(R(R(^(^(^(#))),#,0),^(^(0)),#)))),0,^(^(^(^(0))))))
2500	R(R(^(^(^(^(^(#))))),#,0),^(^(^(^(0)))),^(^(^(^(0)))))
2501	^(R(R(^(^(^(^(^(#))))),#,0),^(^(^(^(0)))),^(^(^(^(0))))))
2502	^(^(R(R(^(^(^(^(^(#))))),#,0),^(^(^(^(0)))),^(^(^(^(0)))))))
2549	R(R(^(^(^(#))),#,^(^(^(^(^(0)))))),^(0),^(^(^(^(^(^(0)))))))
2550	R(R(^(^(^(#))),#,^(^(^(0)))),^(^(0)),^(^(^(^(^(^(0)))))))
2551	R(R(^(^(^(#))),#,^(0)),^(^(^(0))),^(^(^(^(^(^(0)))))))
2552	^(R(R(^(^(^(#))),#,^(0)),^(^(^(0))),^(^(^(^(^(^(0))))))))
2553	^(^(R(R(^(^(^(#))),#,^(0)),^(^(^(0))),^(^(^(^(^(^(0)))))))))
2554	R(^(^(^(R(R(^(^(^(#))),#,^(0)),#,^(^(^(0))))))),0,^(^(0)))
2555	^(R(^(^(^(R(R(^(^(^(#))),#,^(0)),#,^(^(^(0))))))),0,^(^(0))))
2559	R(R(R(^(^(#)),#,^(0)),#,^(^(^(^(0))))),^(0),^(^(0)))
2560	^(R(R(R(^(^(#)),#,^(0)),#,^(^(^(^(0))))),^(0),^(^(0))))
2561	^(^(R(R(R(^(^(#)),#,^(0)),#,^(^(^(^(0))))),^(0),^(^(0)))))
2562	^(^(^(R(R(R(^(^(#)),#,^(0)),#,^(^(^(^(0))))),^(0),^(^(0))))))
2592	R(R(^(^(^(^(^(^(#)))))),#,0),^(^(0)),^(^(^(^(0)))))
2593	^(R(R(^(^(^(^(^(^(#)))))),#,0),^(^(0)),^(^(^(^(0))))))
2594	^(^(R(R(^(^(^(^(^(^(#)))))),#,0),^(^(0)),^(^(^(^(0)))))))
2595	^(^(^(R(R(^(^(^(^(^(^(#)))))),#,0),^(^(0)),^(^(^(^(0))))))))
2656	R(R(^(^(^(^(^(#))))),#,^(0)),^(^(^(^(0)))),^(^(^(^(0)))))
2657	^(R(R(^(^(^(^(^(#))))),#,^(0)),^(^(^(^(0)))),^(^(^(^(0))))))
2729	R(R(^(^(^(^(#)))),#,^(^(^(^(^(0)))))),^(0),^(^(^(^(^(0))))))
2730	R(R(^(^(^(^(#)))),#,^(^(0))),0,^(^(^(^(^(^(0)))))))
2731	^(R(R(^(^(^(^(#)))),#,^(^(0))),0,^(^(^(^(^(^(0))))))))
2732	^(^(R(R(^(^(^(^(#)))),#,^(^(0))),0,^(^(^(^(^(^(0)))))))))
2733	^(^(^(R(R(^(^(^(^(#)))),#,^(^(0))),0,^(^(^(^(^(^(0))))))))))
2795	R(^(R(R(^(^(^(^(#)))),#,^(^(0))),^(^(^(0))),#)),0,^(^(0)))
2796	^(R(^(R(R(^(^(^(^(#)))),#,^(^(0))),^(^(^(0))),#)),0,^(^(0))))
2801	R(R(^(^(^(^(^(^(^(#))))))),#,^(0)),0,^(^(^(^(^(0))))))
2802	^(R(R(^(^(^(^(^(^(^(#))))))),#,^(0)),0,^(^(^(^(^(0)))))))
2803	^(^(R(R(^(^(^(^(^(^(^(#))))))),#,^(0)),0,^(^(^(^(^(0))))))))
2812	R(R(^(^(^(^(^(#))))),#,^(^(0))),^(^(^(^(0)))),^(^(^(^(0)))))
2851	R(R(^(^(^(^(^(^(#)))))),#,^(0)),^(^(0)),^(^(^(^(0)))))
2852	^(R(R(^(^(^(^(^(^(#)))))),#,^(0)),^(^(0)),^(^(^(^(0))))))
2853	^(^(R(R(^(^(^(^(^(^(#)))))),#,^(0)),^(^(0)),^(^(^(^(0)))))))
2914	R(R(^(^(^(#))),#,^(^(^(^(0))))),^(^(0)),^(^(^(^(^(^(0)))))))
2915	R(R(^(^(^(#))),#,^(^(0))),^(^(^(0))),^(^(^(^(^(^(0)))))))
2916	R(R(^(^(^(#))),#,0),^(^(^(^(0)))),^(^(^(^(^(^(0)))))))
2917	^(R(R(^(^(^(#))),#,0),^(^(^(^(0)))),^(^(^(^(^(^(0))))))))
2918	R(^(^(R(R(^(^(^(#))),#,0),#,^(^(^(^(0))))))),0,^(^(0)))
2919	^(R(^(^(R(R(^(^(^(#))),#,0),#,^(^(^(^(0))))))),0,^(^(0))))
2920	^(^(R(^(^(R(R(^(^(^(#))),#,0),#,^(^(^(^(0))))))),0,^(^(0)))))
3003	R(^(R(R(^(^(^(^(#)))),#,^(^(0))),^(^(0)),#)),0,^(^(^(0))))
3004	^(R(^(R(R(^(^(^(^(#)))),#,^(^(0))),^(^(0)),#)),0,^(^(^(0)))))
3069	R(R(R(^(^(#)),#,^(^(^(0)))),#,^(^(^(0)))),^(0),^(^(0)))
3070	R(R(R(^(^(#)),#,^(^(0))),#,^(0)),^(^(0)),^(^(0)))
3071	^(R(R(R(^(^(#)),#,^(^(0))),#,^(0)),^(^(0)),^(^(0))))
3072	R(R(^(^(^(^(#)))),#,0),^(^(^(0))),^(^(^(^(^(0))))))
3073	^(R(R(^(^(^(^(#)))),#,0),^(^(^(0))),^(^(^(^(^(0)))))))
3074	R(^(^(R(R(^(^(^(^(#)))),#,0),#,^(^(^(0)))))),0,^(^(0)))
3075	^(R(^(^(R(R(^(^(^(^(#)))),#,0),#,^(^(^(0)))))),0,^(^(0))))
3076	R(^(^(^(^(R(R(^(^(#)),#,0),#,^(^(^(0)))))))),^(0),^(^(0)))
3077	^(R(^(^(^(^(R(R(^(^(#)),#,0),#,^(^(^(0)))))))),^(0),^(^(0))))
3110	R(R(^(^(^(^(^(^(#)))))),#,^(^(0))),0,^(^(^(^(^(0))))))
3111	^(R(R(^(^(^(^(^(^(#)))))),#,^(^(0))),0,^(^(^(^(^(0)))))))
3112	^(^(R(R(^(^(^(^(^(^(#)))))),#,^(^(0))),0,^(^(^(^(^(0))))))))
3124	R(R(^(^(^(^(^(#))))),#,^(^(^(^(0))))),0,^(^(^(^(^(0))))))
3125	R(R(^(^(^(^(^(#))))),#,0),^(0),^(^(^(^(^(0))))))
3126	^(R(R(^(^(^(^(^(#))))),#,0),^(0),^(^(^(^(^(0)))))))
3127	^(^(R(R(^(^(^(^(^(#))))),#,0),^(0),^(^(^(^(^(0))))))))
3128	^(^(^(R(R(^(^(^(^(^(#))))),#,0),^(0),^(^(^(^(^(0)))))))))
3129	R(^(^(^(^(R(R(^(^(^(^(^(#))))),#,0),#,^(0)))))),0,^(^(0)))
3130	^(R(^(^(^(^(R(R(^(^(^(^(^(#))))),#,0),#,^(0)))))),0,^(^(0))))
3201	R(R(^(^(^(^(^(^(^(#))))))),#,^(^(0))),^(0),^(^(^(^(0)))))
3202	^(R(R(^(^(^(^(^(^(^(#))))))),#,^(^(0))),^(0),^(^(^(^(0))))))
3279	R(R(^(^(^(#))),#,^(^(^(0)))),0,^(^(^(^(^(^(^(0))))))))
3280	R(R(^(^(^(#))),#,^(0)),0,^(^(^(^(^(^(^(^(0)))))))))
3281	^(R(R(^(^(^(#))),#,^(0)),0,^(^(^(^(^(^(^(^(0))))))))))
3282	^(^(R(R(^(^(^(#))),#,^(0)),0,^(^(^(^(^(^(^(^(0)))))))))))
3283	R(^(^(^(R(R(^(^(^(#))),#,^(0)),#,^(0))))),^(0),^(^(0)))
3284	R(^(^(^(^(R(R(^(^(^(#))),#,^(0)),#,0))))),^(^(0)),^(^(0)))
3285	^(R(^(^(^(^(R(R(^(^(^(#))),#,^(0)),#,0))))),^(^(0)),^(^(0))))
3362	R(^(R(R(^(^(^(#))),#,^(0)),^(^(^(^(0)))),#)),0,^(^(0)))
3363	^(R(^(R(R(^(^(^(#))),#,^(0)),^(^(^(^(0)))),#)),0,^(^(0))))
3364	^(^(R(^(R(R(^(^(^(#))),#,^(0)),^(^(^(^(0)))),#)),0,^(^(0)))))
3369	R(R(^(^(^(^(^(^(#)))))),#,^(^(^(0)))),^(^(0)),^(^(^(^(0)))))
3375	R(R(R(^(^(^(#))),^(^(^(^(^(0))))),#),#,0),^(0),^(^(^(0))))
3376	^(R(R(R(^(^(^(#))),^(^(^(^(^(0))))),#),#,0),^(0),^(^(^(0)))))
3412	R(R(^(^(^(^(#)))),#,^(^(^(^(0))))),^(^(0)),^(^(^(^(^(0))))))
3413	R(R(^(^(^(^(#)))),#,^(0)),^(^(^(0))),^(^(^(^(^(0))))))
3414	^(R(R(^(^(^(^(#)))),#,^(0)),^(^(^(0))),^(^(^(^(^(0)))))))
3415	R(^(^(R(R(^(^(^(^(#)))),#,^(0)),#,^(^(^(0)))))),0,^(^(0)))
3416	^(R(^(^(R(R(^(^(^(^(#)))),#,^(0)),#,^(^(^(0)))))),0,^(^(0))))
3444	R(^(^(R(R(^(^(^(#))),#,^(0)),^(^(^(^(0)))),#))),0,^(^(0)))
3445	^(R(^(^(R(R(^(^(^(#))),#,^(0)),^(^(^(^(0)))),#))),0,^(^(0))))
3456	R(R(R(^(^(^(#))),^(^(^(^(0)))),#),#,0),^(^(0)),^(^(^(0))))
3457	^(R(R(R(^(^(^(#))),^(^(^(^(0)))),#),#,0),^(^(0)),^(^(^(0)))))
3579	R(R(R(^(^(#)),#,^(^(^(^(^(0)))))),#,^(^(0))),^(0),^(^(0)))
3580	^(R(R(R(^(^(#)),#,^(^(^(^(^(0)))))),#,^(^(0))),^(0),^(^(0))))
3601	R(R(^(^(^(^(^(^(^(#))))))),#,^(^(^(0)))),^(0),^(^(^(^(0)))))
3644	R(R(^(^(^(#))),#,^(^(0))),^(^(^(^(0)))),^(^(^(^(^(^(0)))))))
3645	R(R(^(^(^(#))),#,0),^(^(^(^(^(0))))),^(^(^(^(^(^(0)))))))
3646	R(^(R(R(^(^(^(#))),#,0),#,^(^(^(^(^(0))))))),0,^(^(0)))
3647	^(R(^(R(R(^(^(^(#))),#,0),#,^(^(^(^(^(0))))))),0,^(^(0))))
3648	^(^(R(^(R(R(^(^(^(#))),#,0),#,^(^(^(^(^(0))))))),0,^(^(0)))))
3750	R(R(^(^(^(^(^(#))))),#,0),^(^(^(^(^(^(0)))))),^(^(^(^(0)))))
3754	R(R(^(^(^(^(#)))),#,^(^(0))),^(^(^(0))),^(^(^(^(^(0))))))
3755	^(R(R(^(^(^(^(#)))),#,^(^(0))),^(^(^(0))),^(^(^(^(^(0)))))))
3888	R(R(^(^(^(^(^(^(#)))))),#,0),^(^(^(0))),^(^(^(^(0)))))
3889	^(R(R(^(^(^(^(^(^(#)))))),#,0),^(^(^(0))),^(^(^(^(0))))))
3890	^(^(R(R(^(^(^(^(^(^(#)))))),#,0),^(^(^(0))),^(^(^(^(0)))))))
3905	R(R(^(^(^(^(^(#))))),#,^(^(^(^(^(0)))))),0,^(^(^(^(^(0))))))
3906	R(R(^(^(^(^(^(#))))),#,^(0)),0,^(^(^(^(^(^(0)))))))
3907	^(R(R(^(^(^(^(^(#))))),#,^(0)),0,^(^(^(^(^(^(0))))))))
3908	^(^(R(R(^(^(^(^(^(#))))),#,^(0)),0,^(^(^(^(^(^(0)))))))))
3909	^(^(^(R(R(^(^(^(^(^(#))))),#,^(0)),0,^(^(^(^(^(^(0))))))))))
4009	R(R(^(^(^(#))),#,^(0)),^(^(^(^(^(0))))),^(^(^(^(^(^(0)))))))
4010	R(^(R(R(^(^(^(#))),#,^(0)),#,^(^(^(^(^(0))))))),0,^(^(0)))
4011	^(R(^(R(R(^(^(^(#))),#,^(0)),#,^(^(^(^(^(0))))))),0,^(^(0))))
4032	R(^(R(R(^(^(^(^(^(#))))),#,^(0)),^(^(^(0))),#)),0,^(^(0)))
4033	^(R(^(R(R(^(^(^(^(^(#))))),#,^(0)),^(^(^(0))),#)),0,^(^(0))))
4094	R(R(^(^(#)),#,^(^(0))),0,R(^(^(#)),^(0),^(^(^(^(^(0)))))))
4095	R(R(R(^(^(#)),#,^(0)),^(^(^(0))),#),0,^(^(^(^(0)))))
4096	R(R(^(^(^(^(#)))),#,0),^(0),^(^(^(^(^(^(0)))))))
4097	^(R(R(^(^(^(^(#)))),#,0),^(0),^(^(^(^(^(^(0))))))))
4098	R(^(^(R(R(^(^(^(^(#)))),#,0),#,^(0)))),^(0),^(^(0)))
4099	R(^(^(^(R(R(^(^(#)),#,0),#,^(^(0)))))),^(^(0)),^(^(0)))
4100	R(^(R(R(^(^(^(#))),#,^(0)),^(^(0)),#)),0,^(^(^(^(0)))))
4101	R(^(^(^(^(^(R(R(^(^(^(^(#)))),#,0),#,^(0))))))),0,^(^(0)))
4102	^(R(^(^(^(^(^(R(R(^(^(^(^(#)))),#,0),#,^(0))))))),0,^(^(0))))
4147	R(R(^(^(^(^(^(^(#)))))),#,^(0)),^(^(^(0))),^(^(^(^(0)))))
4148	^(R(R(^(^(^(^(^(^(#)))))),#,^(0)),^(^(^(0))),^(^(^(^(0))))))
4160	R(^(R(R(^(^(#)),#,^(0)),^(^(^(^(^(^(0)))))),#)),0,^(^(0)))
4161	R(^(R(R(^(^(^(^(#)))),#,0),^(^(^(0))),#)),0,^(^(^(0))))
4162	^(R(^(R(R(^(^(^(^(#)))),#,0),^(^(^(0))),#)),0,^(^(^(0)))))
4163	^(^(R(^(R(R(^(^(^(^(#)))),#,0),^(^(^(0))),#)),0,^(^(^(0))))))
4226	R(^(^(R(R(^(^(^(^(#)))),#,0),^(^(^(0))),#))),^(0),^(^(0)))
4227	^(R(^(^(R(R(^(^(^(^(#)))),#,0),^(^(^(0))),#))),^(0),^(^(0))))
4368	R(^(R(R(^(^(#)),#,^(0)),^(^(^(^(0)))),#)),0,^(^(^(0))))
4369	R(^(R(R(^(^(#)),#,0),^(^(^(^(0)))),#)),0,^(^(^(^(0)))))
4370	^(R(^(R(R(^(^(#)),#,0),^(^(^(^(0)))),#)),0,^(^(^(^(0))))))
4371	^(^(R(^(R(R(^(^(#)),#,0),^(^(^(^(0)))),#)),0,^(^(^(^(0)))))))
4372	R(R(^(^(^(#))),#,^(^(^(^(0))))),0,^(^(^(^(^(^(^(0))))))))
4373	R(R(^(^(^(#))),#,^(^(0))),^(0),^(^(^(^(^(^(^(0))))))))
4374	R(R(^(^(^(#))),#,0),^(^(0)),^(^(^(^(^(^(^(0))))))))
4375	R(^(R(R(^(^(^(#))),#,0),#,^(^(0)))),^(0),^(^(0)))
4376	^(R(^(R(R(^(^(^(#))),#,0),#,^(^(0)))),^(0),^(^(0))))
4377	^(^(R(^(R(R(^(^(^(#))),#,0),#,^(^(0)))),^(0),^(^(0)))))
4378	^(^(^(R(^(R(R(^(^(^(#))),#,0),#,^(^(0)))),^(0),^(^(0))))))
4379	R(^(^(^(^(^(R(R(^(^(^(#))),#,0),#,^(^(0)))))))),0,^(^(0)))
4380	^(R(^(^(^(^(^(R(R(^(^(^(#))),#,0),#,^(^(0)))))))),0,^(^(0))))
4406	R(R(^(^(^(^(^(^(#)))))),#,^(^(0))),^(^(^(0))),^(^(^(^(0)))))
4437	R(R(^(^(^(^(#)))),#,^(0)),^(^(^(^(0)))),^(^(^(^(^(0))))))
4438	R(^(R(R(^(^(^(^(#)))),#,^(0)),#,^(^(^(^(0)))))),0,^(^(0)))
4439	^(R(^(R(R(^(^(^(^(#)))),#,^(0)),#,^(^(^(^(0)))))),0,^(^(0))))
4557	R(^(R(R(^(^(^(^(^(#))))),#,^(0)),^(^(0)),#)),0,^(^(^(0))))
4558	^(R(^(R(R(^(^(^(^(^(#))))),#,^(0)),^(^(0)),#)),0,^(^(^(0)))))
4608	R(R(R(^(^(#)),#,0),#,R(^(^(^(#))),0,^(^(^(0))))),0,^(^(0)))
4641	R(^(^(R(R(^(^(#)),#,^(0)),^(^(^(^(0)))),#))),0,^(^(^(0))))
4642	R(^(^(R(R(^(^(#)),#,0),^(^(^(^(0)))),#))),^(0),^(^(^(0))))
4643	^(R(^(^(R(R(^(^(#)),#,0),^(^(^(^(0)))),#))),^(0),^(^(^(0)))))
4665	R(R(^(^(^(^(^(^(#)))))),#,^(^(^(0)))),0,^(^(^(^(^(0))))))
4666	^(R(R(^(^(^(^(^(^(#)))))),#,^(^(^(0)))),0,^(^(^(^(^(0)))))))
4680	R(^(R(R(^(^(#)),#,^(0)),^(^(^(0))),#)),0,^(^(^(^(0)))))
4681	R(^(R(R(^(^(#)),#,0),^(^(^(0))),#)),0,^(^(^(^(^(0))))))
4682	^(R(^(R(R(^(^(#)),#,0),^(^(^(0))),#)),0,^(^(^(^(^(0)))))))
4683	^(^(R(^(R(R(^(^(#)),#,0),^(^(^(0))),#)),0,^(^(^(^(^(0))))))))
4687	R(R(^(^(^(^(^(#))))),#,^(^(0))),^(0),^(^(^(^(^(0))))))
4688	^(R(R(^(^(^(^(^(#))))),#,^(^(0))),^(0),^(^(^(^(^(0)))))))
4689	^(^(R(R(^(^(^(^(^(#))))),#,^(^(0))),^(0),^(^(^(^(^(0))))))))
4738	R(R(R(^(^(^(#))),#,^(0)),#,^(^(^(^(^(^(0))))))),0,^(^(0)))
4739	^(R(R(R(^(^(^(#))),#,^(0)),#,^(^(^(^(^(^(0))))))),0,^(^(0))))
4778	R(R(^(^(^(^(#)))),#,^(^(0))),^(^(^(^(0)))),^(^(^(^(^(0))))))
4802	R(R(^(^(^(^(^(^(^(#))))))),#,0),^(^(0)),^(^(^(^(0)))))
4803	^(R(R(^(^(^(^(^(^(^(#))))))),#,0),^(^(0)),^(^(^(^(0))))))
4804	^(^(R(R(^(^(^(^(^(^(^(#))))))),#,0),^(^(0)),^(^(^(^(0)))))))
4920	R(^(^(R(R(^(^(^(#))),#,^(0)),^(^(0)),#))),0,^(^(^(^(0)))))
4921	^(R(^(^(R(R(^(^(^(#))),#,^(0)),^(^(0)),#))),0,^(^(^(^(0))))))
5120	R(R(R(^(^(#)),#,0),#,^(^(^(^(^(0)))))),^(0),^(^(0)))
5121	^(R(R(R(^(^(#)),#,0),#,^(^(^(^(^(0)))))),^(0),^(^(0))))
5122	^(^(R(R(R(^(^(#)),#,0),#,^(^(^(^(^(0)))))),^(0),^(^(0)))))
5123	^(^(^(R(R(R(^(^(#)),#,0),#,^(^(^(^(^(0)))))),^(0),^(^(0))))))
5184	R(R(^(^(^(^(^(^(#)))))),#,0),^(^(^(^(0)))),^(^(^(^(0)))))
5185	^(R(R(^(^(^(^(^(^(#)))))),#,0),^(^(^(^(0)))),^(^(^(^(0))))))
5202	R(R(^(^(^(^(^(^(^(#))))))),#,^(0)),^(^(0)),^(^(^(^(0)))))
5203	^(R(R(^(^(^(^(^(^(^(#))))))),#,^(0)),^(^(0)),^(^(^(^(0))))))
5265	R(^(^(R(R(^(^(#)),#,^(0)),^(^(^(0))),#))),0,^(^(^(^(0)))))
5266	R(^(^(R(R(^(^(#)),#,0),^(^(^(0))),#))),^(0),^(^(^(^(0)))))
5267	^(R(^(^(R(R(^(^(#)),#,0),^(^(^(0))),#))),^(0),^(^(^(^(0))))))
5443	R(R(^(^(^(^(^(^(#)))))),#,^(0)),^(^(^(^(0)))),^(^(^(^(0)))))
5460	R(R(^(^(^(^(#)))),#,^(^(^(^(0))))),0,^(^(^(^(^(^(0)))))))
5461	R(R(^(^(^(^(#)))),#,^(0)),0,^(^(^(^(^(^(^(0))))))))
5462	R(^(R(R(^(^(^(^(#)))),#,^(0)),#,^(0))),^(0),^(^(0)))
5463	R(^(^(R(R(^(^(^(^(#)))),#,^(0)),#,0))),0,^(^(^(0))))
5464	^(R(^(^(R(R(^(^(^(^(#)))),#,^(0)),#,0))),0,^(^(^(0)))))
5465	^(^(R(^(^(R(R(^(^(^(^(#)))),#,^(0)),#,0))),0,^(^(^(0))))))
5466	R(R(^(^(^(#))),#,^(^(^(0)))),^(0),^(^(^(^(^(^(^(0))))))))
5467	R(R(R(^(^(^(#))),#,^(0)),#,^(^(0))),^(0),^(^(0)))
5468	^(R(R(R(^(^(^(#))),#,^(0)),#,^(^(0))),^(0),^(^(0))))
5469	^(^(R(R(R(^(^(^(#))),#,^(0)),#,^(^(0))),^(0),^(^(0)))))
5470	^(^(^(R(R(R(^(^(^(#))),#,^(0)),#,^(^(0))),^(0),^(^(0))))))
5471	^(^(^(^(R(R(R(^(^(^(#))),#,^(0)),#,^(^(0))),^(0),^(^(0)))))))
5526	R(^(R(R(^(^(^(^(#)))),#,^(0)),^(^(^(0))),#)),^(0),^(^(0)))
5527	^(R(^(R(R(^(^(^(^(#)))),#,^(0)),^(^(^(0))),#)),^(0),^(^(0))))
5602	R(R(^(^(^(^(^(^(^(#))))))),#,^(^(0))),0,^(^(^(^(^(0))))))
5603	^(R(R(^(^(^(^(^(^(^(#))))))),#,^(^(0))),0,^(^(^(^(^(0)))))))
5734	R(^(R(R(^(^(^(^(#)))),#,^(0)),^(^(0)),#)),^(0),^(^(^(0))))
5735	^(R(^(R(R(^(^(^(^(#)))),#,^(0)),^(^(0)),#)),^(0),^(^(^(0)))))
6142	R(R(R(^(^(#)),#,^(^(0))),#,^(^(^(^(0))))),^(0),^(^(0)))
6143	R(R(R(^(^(#)),#,^(0)),#,^(^(0))),0,^(^(^(0))))
6144	^(R(R(R(^(^(#)),#,^(0)),#,^(^(0))),0,^(^(^(0)))))
6145	^(^(R(R(R(^(^(#)),#,^(0)),#,^(^(0))),0,^(^(^(0))))))
6146	^(^(^(R(R(R(^(^(#)),#,^(0)),#,^(^(0))),0,^(^(^(0)))))))
6147	^(^(^(^(R(R(R(^(^(#)),#,^(0)),#,^(^(0))),0,^(^(^(0))))))))
6148	^(^(^(^(^(R(R(R(^(^(#)),#,^(0)),#,^(^(0))),0,^(^(^(0)))))))))
6220	R(R(^(^(^(^(^(^(#)))))),#,^(^(^(^(0))))),0,^(^(^(^(^(0))))))
6249	R(R(^(^(^(^(^(#))))),#,^(^(^(^(0))))),^(0),^(^(^(^(^(0))))))
6250	R(R(^(^(^(^(^(#))))),#,0),^(^(0)),^(^(^(^(^(0))))))
6251	^(R(R(^(^(^(^(^(#))))),#,0),^(^(0)),^(^(^(^(^(0)))))))
6252	^(^(R(R(^(^(^(^(^(#))))),#,0),^(^(0)),^(^(^(^(^(0))))))))
6253	R(^(^(^(R(R(^(^(^(^(^(#))))),#,0),#,^(^(0)))))),0,^(^(0)))
6254	^(R(^(^(^(R(R(^(^(^(^(^(#))))),#,0),#,^(^(0)))))),0,^(^(0))))
6480	R(R(^(^(^(^(^(^(#)))))),#,0),^(^(^(^(^(0))))),^(^(^(^(0)))))
6559	R(R(R(^(^(^(#))),#,^(^(^(^(0))))),#,^(0)),0,^(^(^(0))))
6560	R(R(R(^(^(^(#))),#,^(^(0))),#,0),^(0),^(^(^(0))))
6561	R(R(^(^(^(#))),#,0),^(0),^(^(^(^(^(^(^(^(0)))))))))
6562	^(R(R(^(^(^(#))),#,0),^(0),^(^(^(^(^(^(^(^(0))))))))))
6563	^(^(R(R(^(^(^(#))),#,0),^(0),^(^(^(^(^(^(^(^(0)))))))))))
6564	^(^(^(R(R(^(^(^(#))),#,0),^(0),^(^(^(^(^(^(^(^(0))))))))))))
6565	R(^(^(^(^(R(R(^(^(^(#))),#,0),#,^(^(^(0)))))))),0,^(^(0)))
6566	R(^(^(^(^(^(R(R(^(^(^(#))),#,0),#,^(0))))))),^(0),^(^(0)))
6567	^(R(^(^(^(^(^(R(R(^(^(^(#))),#,0),#,^(0))))))),^(0),^(^(0))))
6642	R(^(R(R(^(^(^(#))),#,^(^(0))),^(^(^(^(0)))),#)),0,^(^(0)))
6643	R(^(R(R(^(^(^(#))),#,0),^(^(^(^(0)))),#)),0,^(^(^(0))))
6644	^(R(^(R(R(^(^(^(#))),#,0),^(^(^(^(0)))),#)),0,^(^(^(0)))))
6645	^(^(R(^(R(R(^(^(^(#))),#,0),^(^(^(^(0)))),#)),0,^(^(^(0))))))
6725	R(^(^(R(R(^(^(^(#))),#,0),^(^(^(^(0)))),#))),^(0),^(^(0)))
6726	^(R(^(^(R(R(^(^(^(#))),#,0),^(^(^(^(0)))),#))),^(0),^(^(0))))
6825	R(R(^(^(^(^(#)))),#,^(^(^(^(^(0)))))),0,^(^(^(^(^(^(0)))))))
6826	R(R(R(^(^(^(^(#)))),#,^(^(0))),#,^(0)),0,^(^(^(0))))
6827	^(R(R(R(^(^(^(^(#)))),#,^(^(0))),#,^(0)),0,^(^(^(0)))))
6828	^(^(R(R(R(^(^(^(^(#)))),#,^(^(0))),#,^(0)),0,^(^(^(0))))))
6829	^(^(^(R(R(R(^(^(^(^(#)))),#,^(^(0))),#,^(0)),0,^(^(^(0)))))))
7031	R(R(^(^(^(^(^(#))))),#,^(0)),^(^(0)),^(^(^(^(^(0))))))
7032	^(R(R(^(^(^(^(^(#))))),#,^(0)),^(^(0)),^(^(^(^(^(0)))))))
7033	^(^(R(R(^(^(^(^(^(#))))),#,^(0)),^(^(0)),^(^(^(^(^(0))))))))
7164	R(R(R(^(^(#)),#,^(^(^(^(0))))),#,^(^(^(0)))),^(0),^(^(0)))
7165	^(R(R(R(^(^(#)),#,^(^(^(^(0))))),#,^(^(^(0)))),^(0),^(^(0))))
7203	R(R(^(^(^(^(^(^(^(#))))))),#,0),^(^(^(0))),^(^(^(^(0)))))
7204	^(R(R(^(^(^(^(^(^(^(#))))))),#,0),^(^(^(0))),^(^(^(^(0))))))
7380	R(^(R(R(^(^(^(#))),#,^(^(0))),^(^(0)),#)),0,^(^(^(^(0)))))
7381	R(^(R(R(^(^(^(#))),#,0),^(^(0)),#)),0,^(^(^(^(^(0))))))
7382	^(R(^(R(R(^(^(^(#))),#,0),^(^(0)),#)),0,^(^(^(^(^(0)))))))
7383	^(^(R(^(R(R(^(^(^(#))),#,0),^(^(0)),#)),0,^(^(^(^(^(0))))))))
7603	R(R(^(^(^(^(^(^(^(#))))))),#,^(0)),^(^(^(0))),^(^(^(^(0)))))
7653	R(R(^(^(^(#))),#,^(^(^(0)))),^(^(0)),^(^(^(^(^(^(^(0))))))))
7654	R(R(^(^(^(#))),#,^(0)),^(^(^(0))),^(^(^(^(^(^(^(0))))))))
7655	^(R(R(^(^(^(#))),#,^(0)),^(^(^(0))),^(^(^(^(^(^(^(0)))))))))
7776	R(R(^(^(^(^(^(^(#)))))),#,0),^(0),^(^(^(^(^(0))))))
7777	^(R(R(^(^(^(^(^(^(#)))))),#,0),^(0),^(^(^(^(^(0)))))))
7778	^(^(R(R(^(^(^(^(^(^(#)))))),#,0),^(0),^(^(^(^(^(0))))))))
7779	^(^(^(R(R(^(^(^(^(^(^(#)))))),#,0),^(0),^(^(^(^(^(0)))))))))
7812	R(R(^(^(^(^(^(#))))),#,^(^(0))),0,^(^(^(^(^(^(0)))))))
7813	^(R(R(^(^(^(^(^(#))))),#,^(^(0))),0,^(^(^(^(^(^(0))))))))
7814	^(^(R(R(^(^(^(^(^(#))))),#,^(^(0))),0,^(^(^(^(^(^(0)))))))))
8190	R(R(R(^(^(#)),#,^(^(0))),^(^(^(0))),#),0,^(^(^(^(0)))))
8191	R(R(R(^(^(#)),#,^(0)),^(^(^(0))),#),^(0),^(^(^(^(0)))))
8192	R(R(^(^(^(^(#)))),#,0),^(^(0)),^(^(^(^(^(^(0)))))))
8193	^(R(R(^(^(^(^(#)))),#,0),^(^(0)),^(^(^(^(^(^(0))))))))
8194	^(^(R(R(^(^(^(^(#)))),#,0),^(^(0)),^(^(^(^(^(^(0)))))))))
8195	R(^(^(^(R(R(^(^(#)),#,0),#,^(^(^(^(0)))))))),^(0),^(^(0)))
8196	R(^(^(^(^(R(R(^(^(#)),#,0),#,^(^(0))))))),^(^(0)),^(^(0)))
8197	^(R(^(^(^(^(R(R(^(^(#)),#,0),#,^(^(0))))))),^(^(0)),^(^(0))))
8201	R(^(^(R(R(^(^(^(#))),#,0),^(^(0)),#))),^(0),^(^(^(^(0)))))
8202	^(R(^(^(R(R(^(^(^(#))),#,0),^(^(0)),#))),^(0),^(^(^(^(0))))))
8257	R(^(R(R(^(^(^(^(#)))),#,0),^(^(^(0))),#)),^(^(0)),^(^(0)))
8258	^(R(^(R(R(^(^(^(^(#)))),#,0),^(^(^(0))),#)),^(^(0)),^(^(0))))
8322	R(^(^(R(R(^(^(^(^(#)))),#,0),^(^(^(0))),#))),0,^(^(^(0))))
8323	^(R(^(^(R(R(^(^(^(^(#)))),#,0),^(^(^(0))),#))),0,^(^(^(0)))))
8403	R(R(^(^(^(^(^(^(^(#))))))),#,^(^(^(0)))),0,^(^(^(^(^(0))))))
8463	R(^(R(R(^(^(#)),#,^(^(0))),^(^(^(^(0)))),#)),0,^(^(^(0))))
8464	R(^(R(R(^(^(#)),#,^(0)),^(^(^(^(0)))),#)),^(0),^(^(^(0))))
8465	R(^(R(R(^(^(#)),#,0),^(^(^(^(0)))),#)),^(^(0)),^(^(^(0))))
8466	^(R(^(R(R(^(^(#)),#,0),^(^(^(^(0)))),#)),^(^(0)),^(^(^(0)))))
8593	R(R(^(^(^(^(^(#))))),#,^(^(^(0)))),^(^(0)),^(^(^(^(^(0))))))
8738	R(^(^(R(R(^(^(#)),#,0),^(^(^(^(0)))),#))),0,^(^(^(^(0)))))
8739	^(R(^(^(R(R(^(^(#)),#,0),^(^(^(^(0)))),#))),0,^(^(^(^(0))))))
8747	R(R(^(^(^(#))),#,^(^(0))),^(^(^(0))),^(^(^(^(^(^(^(0))))))))
8748	R(R(^(^(^(#))),#,0),^(^(^(^(0)))),^(^(^(^(^(^(^(0))))))))
8749	^(R(R(^(^(^(#))),#,0),^(^(^(^(0)))),^(^(^(^(^(^(^(0)))))))))
8751	R(^(^(^(R(R(^(^(^(#))),#,0),#,^(^(^(^(0)))))))),0,^(^(0)))
8752	^(R(^(^(^(R(R(^(^(^(#))),#,0),#,^(^(^(^(0)))))))),0,^(^(0))))
8775	R(^(R(R(^(^(#)),#,^(^(0))),^(^(^(0))),#)),0,^(^(^(^(0)))))
8776	R(^(R(R(^(^(#)),#,^(0)),^(^(^(0))),#)),^(0),^(^(^(^(0)))))
8777	R(^(R(R(^(^(#)),#,0),^(^(^(0))),#)),^(^(0)),^(^(^(^(0)))))
8778	^(R(^(R(R(^(^(#)),#,0),^(^(^(0))),#)),^(^(0)),^(^(^(^(0))))))
9331	R(R(^(^(^(^(^(^(#)))))),#,^(0)),0,^(^(^(^(^(^(0)))))))
9332	^(R(R(^(^(^(^(^(^(#)))))),#,^(0)),0,^(^(^(^(^(^(0))))))))
9333	^(^(R(R(^(^(^(^(^(^(#)))))),#,^(0)),0,^(^(^(^(^(^(0)))))))))
9362	R(^(^(R(R(^(^(#)),#,0),^(^(^(0))),#))),0,^(^(^(^(^(0))))))
9363	^(R(^(^(R(R(^(^(#)),#,0),^(^(^(0))),#))),0,^(^(^(^(^(0)))))))
9375	R(R(^(^(^(^(^(#))))),#,0),^(^(^(0))),^(^(^(^(^(0))))))
9376	^(R(R(^(^(^(^(^(#))))),#,0),^(^(^(0))),^(^(^(^(^(0)))))))
9377	R(^(^(R(R(^(^(^(^(^(#))))),#,0),#,^(^(^(0)))))),0,^(^(0)))
9378	^(R(^(^(R(R(^(^(^(^(^(#))))),#,0),#,^(^(^(0)))))),0,^(^(0))))
9556	R(R(^(^(^(^(#)))),#,^(^(^(^(0))))),^(0),^(^(^(^(^(^(0)))))))
9557	R(R(^(^(^(^(#)))),#,^(0)),^(^(0)),^(^(^(^(^(^(0)))))))
9558	^(R(R(^(^(^(^(#)))),#,^(0)),^(^(0)),^(^(^(^(^(^(0))))))))
9559	^(^(R(R(^(^(^(^(#)))),#,^(0)),^(^(0)),^(^(^(^(^(^(0)))))))))
9604	R(R(^(^(^(^(^(^(^(#))))))),#,0),^(^(^(^(0)))),^(^(^(^(0)))))
9840	R(R(^(^(^(#))),#,^(^(^(0)))),0,^(^(^(^(^(^(^(^(0)))))))))
9841	R(R(R(^(^(^(#))),#,^(0)),^(^(^(0))),#),0,^(^(^(0))))
9842	^(R(R(R(^(^(^(#))),#,^(0)),^(^(^(0))),#),0,^(^(^(0)))))
9843	^(^(R(R(R(^(^(^(#))),#,^(0)),^(^(^(0))),#),0,^(^(^(0))))))
9844	^(^(^(R(R(R(^(^(^(#))),#,^(0)),^(^(^(0))),#),0,^(^(^(0)))))))
9845	R(^(^(^(^(R(R(^(^(^(#))),#,^(0)),#,^(0)))))),^(0),^(^(0)))
9846	^(R(^(^(^(^(R(R(^(^(^(#))),#,^(0)),#,^(0)))))),^(0),^(^(0))))
9923	R(^(R(R(^(^(^(#))),#,^(0)),^(^(^(^(0)))),#)),^(0),^(^(0)))
9924	^(R(^(R(R(^(^(^(#))),#,^(0)),^(^(^(^(0)))),#)),^(0),^(^(0))))
10000	R(R(R(^(^(#)),^(^(^(^(^(0))))),#),#,0),^(0),^(^(^(^(0)))))
10001	^(R(R(R(^(^(#)),^(^(^(^(^(0))))),#),#,0),^(0),^(^(^(^(0))))))
10156	R(R(^(^(^(^(^(#))))),#,^(0)),^(^(^(0))),^(^(^(^(^(0))))))
10157	^(R(R(^(^(^(^(^(#))))),#,^(0)),^(^(^(0))),^(^(^(^(^(0)))))))
10241	R(^(R(R(^(^(#)),#,0),#,^(^(^(^(^(0))))))),^(0),^(^(0)))
10242	^(R(^(R(R(^(^(#)),#,0),#,^(^(^(^(^(0))))))),^(0),^(^(0))))
10243	^(^(R(^(R(R(^(^(#)),#,0),#,^(^(^(^(^(0))))))),^(0),^(^(0)))))
10598	R(^(R(R(^(^(^(#))),#,^(0)),^(^(^(0))),#)),0,^(^(^(0))))
10599	^(R(^(R(R(^(^(^(#))),#,^(0)),^(^(^(0))),#)),0,^(^(^(0)))))
10600	^(^(R(^(R(R(^(^(^(#))),#,^(0)),^(^(^(0))),#)),0,^(^(^(0))))))
10661	R(^(R(R(^(^(^(#))),#,^(0)),^(^(0)),#)),^(0),^(^(^(^(0)))))
10662	^(R(^(R(R(^(^(^(#))),#,^(0)),^(^(0)),#)),^(0),^(^(^(^(0))))))
10886	R(R(^(^(^(^(^(^(#)))))),#,^(^(0))),^(0),^(^(^(^(^(0))))))
10887	^(R(R(^(^(^(^(^(^(#)))))),#,^(^(0))),^(0),^(^(^(^(^(0)))))))
10922	R(R(^(^(^(^(#)))),#,^(^(0))),0,^(^(^(^(^(^(^(0))))))))
10923	^(R(R(^(^(^(^(#)))),#,^(^(0))),0,^(^(^(^(^(^(^(0)))))))))
10924	^(^(R(R(^(^(^(^(#)))),#,^(^(0))),0,^(^(^(^(^(^(^(0))))))))))
10935	R(R(^(^(^(#))),#,0),^(^(^(^(^(0))))),^(^(^(^(^(^(^(0))))))))
10937	R(^(^(R(R(^(^(^(#))),#,0),#,^(^(^(^(^(0)))))))),0,^(^(0)))
10938	^(R(^(^(R(R(^(^(^(#))),#,0),#,^(^(^(^(^(0)))))))),0,^(^(0))))
11355	R(^(^(R(R(^(^(^(#))),#,^(0)),^(^(^(0))),#))),0,^(^(^(0))))
11356	^(R(^(^(R(R(^(^(^(#))),#,^(0)),^(^(^(0))),#))),0,^(^(^(0)))))
11718	R(R(^(^(^(^(^(#))))),#,^(^(^(0)))),0,^(^(^(^(^(^(0)))))))
11719	^(R(R(^(^(^(^(^(#))))),#,^(^(^(0)))),0,^(^(^(^(^(^(0))))))))
12285	R(R(R(^(^(#)),#,^(^(^(0)))),^(^(^(0))),#),0,^(^(^(^(0)))))
12286	R(R(R(^(^(#)),#,^(^(0))),^(^(^(0))),#),^(0),^(^(^(^(0)))))
12287	R(R(R(^(^(#)),#,^(0)),#,^(^(^(^(^(0)))))),^(0),^(^(0)))
12288	R(R(R(^(^(#)),#,0),#,^(^(^(0)))),^(^(0)),^(^(0)))
12289	^(R(R(R(^(^(#)),#,0),#,^(^(^(0)))),^(^(0)),^(^(0))))
12290	^(^(R(R(R(^(^(#)),#,0),#,^(^(^(0)))),^(^(0)),^(^(0)))))
12291	R(^(^(^(R(R(^(^(^(^(#)))),#,0),#,^(^(^(0))))))),0,^(^(0)))
12292	^(R(^(^(^(R(R(^(^(^(^(#)))),#,0),#,^(^(^(0))))))),0,^(^(0))))
12441	R(R(^(^(^(^(^(^(#)))))),#,^(^(^(0)))),^(0),^(^(^(^(^(0))))))
12500	R(R(^(^(^(^(^(#))))),#,0),^(^(^(^(0)))),^(^(^(^(^(0))))))
12501	R(^(R(R(^(^(^(^(^(#))))),#,0),#,^(^(^(^(0)))))),0,^(^(0)))
12502	^(R(^(R(R(^(^(^(^(^(#))))),#,0),#,^(^(^(^(0)))))),0,^(^(0))))
13120	R(R(^(^(^(#))),#,^(^(^(^(0))))),0,^(^(^(^(^(^(^(^(0)))))))))
13121	R(R(^(^(^(#))),#,^(^(0))),^(0),^(^(^(^(^(^(^(^(0)))))))))
13122	R(R(^(^(^(#))),#,0),^(^(0)),^(^(^(^(^(^(^(^(0)))))))))
13123	^(R(R(^(^(^(#))),#,0),^(^(0)),^(^(^(^(^(^(^(^(0))))))))))
13124	R(^(^(R(R(^(^(^(#))),#,0),#,^(^(0))))),^(0),^(^(0)))
13125	^(R(^(^(R(R(^(^(^(#))),#,0),#,^(^(0))))),^(0),^(^(0))))
13126	^(^(R(^(^(R(R(^(^(^(#))),#,0),#,^(^(0))))),^(0),^(^(0)))))
13127	^(^(^(R(^(^(R(R(^(^(^(#))),#,0),#,^(^(0))))),^(0),^(^(0))))))
13204	R(^(R(R(^(^(^(#))),#,0),^(^(^(^(0)))),#)),^(^(0)),^(^(0)))
13205	^(R(^(R(R(^(^(^(#))),#,0),^(^(^(^(0)))),#)),^(^(0)),^(^(0))))
13281	R(R(^(^(^(^(^(#))))),#,^(0)),^(^(^(^(0)))),^(^(^(^(^(0))))))
13286	R(^(^(R(R(^(^(^(#))),#,0),^(^(^(^(0)))),#))),0,^(^(^(0))))
13287	^(R(^(^(R(R(^(^(^(#))),#,0),^(^(^(^(0)))),#))),0,^(^(^(0)))))
13653	R(R(^(^(^(^(#)))),#,^(0)),^(^(^(0))),^(^(^(^(^(^(0)))))))
13654	^(R(R(^(^(^(^(#)))),#,^(0)),^(^(^(0))),^(^(^(^(^(^(0))))))))
13942	R(^(R(R(^(^(^(#))),#,0),^(^(0)),#)),^(^(0)),^(^(^(^(0)))))
13943	^(R(^(R(R(^(^(^(#))),#,0),^(^(0)),#)),^(^(0)),^(^(^(^(0))))))
14333	R(R(R(^(^(#)),#,^(^(^(0)))),#,^(^(^(^(0))))),^(0),^(^(0)))
14334	^(R(R(R(^(^(#)),#,^(^(^(0)))),#,^(^(^(^(0))))),^(0),^(^(0))))
14762	R(^(^(R(R(^(^(^(#))),#,0),^(^(0)),#))),0,^(^(^(^(^(0))))))
14763	^(R(^(^(R(R(^(^(^(#))),#,0),^(^(0)),#))),0,^(^(^(^(^(0)))))))
15018	R(R(^(^(^(^(#)))),#,^(^(0))),^(^(^(0))),^(^(^(^(^(^(0)))))))
15309	R(R(R(^(^(^(#))),#,0),#,^(^(^(^(^(^(^(0)))))))),0,^(^(0)))
15310	^(R(R(R(^(^(^(#))),#,0),#,^(^(^(^(^(^(^(0)))))))),0,^(^(0))))
15552	R(R(^(^(^(^(^(^(#)))))),#,0),^(^(0)),^(^(^(^(^(0))))))
15553	^(R(R(^(^(^(^(^(^(#)))))),#,0),^(^(0)),^(^(^(^(^(0)))))))
15554	^(^(R(R(^(^(^(^(^(^(#)))))),#,0),^(^(0)),^(^(^(^(^(0))))))))
15624	R(R(^(^(^(^(^(#))))),#,^(^(^(^(0))))),0,^(^(^(^(^(^(0)))))))
15625	R(R(^(^(^(^(^(#))))),#,0),^(0),^(^(^(^(^(^(0)))))))
15626	R(^(R(R(^(^(^(^(^(#))))),#,0),#,^(0))),^(0),^(^(0)))
15627	^(R(^(R(R(^(^(^(^(^(#))))),#,0),#,^(0))),^(0),^(^(0))))
15628	^(^(R(^(R(R(^(^(^(^(^(#))))),#,0),#,^(0))),^(0),^(^(0)))))
15629	^(^(^(R(^(R(R(^(^(^(^(^(#))))),#,0),#,^(0))),^(0),^(^(0))))))
15751	R(^(R(R(^(^(^(^(^(#))))),#,0),^(^(^(0))),#)),0,^(^(^(0))))
15752	^(R(^(R(R(^(^(^(^(^(#))))),#,0),^(^(^(0))),#)),0,^(^(^(0)))))
16276	R(^(R(R(^(^(^(^(^(#))))),#,0),^(^(0)),#)),0,^(^(^(^(0)))))
16277	^(R(^(R(R(^(^(^(^(^(#))))),#,0),^(^(0)),#)),0,^(^(^(^(0))))))
16380	R(R(R(^(^(#)),#,^(^(^(^(0))))),#,0),^(^(0)),^(^(0)))
16381	^(R(R(R(^(^(#)),#,^(^(^(^(0))))),#,0),^(^(0)),^(^(0))))
16382	R(R(^(^(#)),#,^(^(0))),0,R(^(^(^(#))),^(0),^(^(^(^(0))))))
16383	R(R(^(^(^(^(#)))),#,^(^(^(0)))),0,^(^(^(^(^(^(^(0))))))))
16384	R(R(^(^(^(^(#)))),#,0),^(0),^(^(^(^(^(^(^(0))))))))
16385	^(R(R(^(^(^(^(#)))),#,0),^(0),^(^(^(^(^(^(^(0)))))))))
16386	^(^(R(R(^(^(^(^(#)))),#,0),^(0),^(^(^(^(^(^(^(0))))))))))
16387	R(^(^(^(R(R(^(^(^(^(#)))),#,0),#,^(0))))),^(0),^(^(0)))
16388	^(R(^(^(^(R(R(^(^(^(^(#)))),#,0),#,^(0))))),^(0),^(^(0))))
16389	^(^(R(^(^(^(R(R(^(^(^(^(#)))),#,0),#,^(0))))),^(0),^(^(0)))))
16401	R(R(^(^(^(#))),#,^(^(^(0)))),^(0),^(^(^(^(^(^(^(^(0)))))))))
16402	R(R(^(^(^(#))),#,^(0)),^(^(0)),^(^(^(^(^(^(^(^(0)))))))))
16403	R(^(R(R(^(^(^(#))),#,^(0)),#,^(^(0)))),^(0),^(^(0)))
16404	^(R(^(R(R(^(^(^(#))),#,^(0)),#,^(^(0)))),^(0),^(^(0))))
16405	^(^(R(^(R(R(^(^(^(#))),#,^(0)),#,^(^(0)))),^(0),^(^(0)))))
16406	^(^(^(R(^(R(R(^(^(^(#))),#,^(0)),#,^(^(0)))),^(0),^(^(0))))))
16807	R(R(^(^(^(^(^(^(^(#))))))),#,0),^(0),^(^(^(^(^(0))))))
16808	^(R(R(^(^(^(^(^(^(^(#))))))),#,0),^(0),^(^(^(^(^(0)))))))
16809	^(^(R(R(^(^(^(^(^(^(^(#))))))),#,0),^(0),^(^(^(^(^(0))))))))
17107	R(R(^(^(^(^(^(^(#)))))),#,^(0)),^(^(0)),^(^(^(^(^(0))))))
17108	^(R(R(^(^(^(^(^(^(#)))))),#,^(0)),^(^(0)),^(^(^(^(^(0)))))))
17749	R(R(^(^(^(^(#)))),#,^(0)),^(^(^(^(0)))),^(^(^(^(^(^(0)))))))
18662	R(R(^(^(^(^(^(^(#)))))),#,^(^(0))),0,^(^(^(^(^(^(0)))))))
18663	^(R(R(^(^(^(^(^(^(#)))))),#,^(^(0))),0,^(^(^(^(^(^(0))))))))
19531	R(R(R(^(^(^(^(^(#))))),#,^(0)),#,^(0)),0,^(^(^(0))))
19532	R(^(R(R(^(^(^(^(^(#))))),#,^(0)),#,0)),0,^(^(^(^(0)))))
19533	^(R(^(R(R(^(^(^(^(^(#))))),#,^(0)),#,0)),0,^(^(^(^(0))))))
19534	^(^(R(^(R(R(^(^(^(^(^(#))))),#,^(0)),#,0)),0,^(^(^(^(0)))))))
19608	R(R(^(^(^(^(^(^(^(#))))))),#,^(0)),0,^(^(^(^(^(^(0)))))))
19609	^(R(R(^(^(^(^(^(^(^(#))))))),#,^(0)),0,^(^(^(^(^(^(0))))))))
19682	R(R(R(^(^(^(#))),#,^(^(0))),#,^(^(0))),^(0),^(^(0)))
19683	R(R(R(^(^(^(#))),#,0),#,^(0)),^(^(0)),^(^(0)))
19684	^(R(R(R(^(^(^(#))),#,0),#,^(0)),^(^(0)),^(^(0))))
19685	^(^(R(R(R(^(^(^(#))),#,0),#,^(0)),^(^(0)),^(^(0)))))
19686	^(^(^(R(R(R(^(^(^(#))),#,0),#,^(0)),^(^(0)),^(^(0))))))
19687	^(^(^(^(R(R(R(^(^(^(#))),#,0),#,^(0)),^(^(0)),^(^(0)))))))
19688	^(^(^(^(^(R(R(R(^(^(^(#))),#,0),#,^(0)),^(^(0)),^(^(0))))))))
20439	R(^(R(R(^(^(^(#))),#,^(^(0))),^(^(^(0))),#)),0,^(^(^(0))))
20440	R(^(R(R(^(^(^(#))),#,0),^(^(^(0))),#)),0,^(^(^(^(0)))))
20441	^(R(^(R(R(^(^(^(#))),#,0),^(^(^(0))),#)),0,^(^(^(^(0))))))
20442	^(^(R(^(R(R(^(^(^(#))),#,0),^(^(^(0))),#)),0,^(^(^(^(0)))))))
20480	R(R(^(^(^(^(#)))),#,0),^(^(^(^(^(0))))),^(^(^(^(^(^(0)))))))
20481	R(^(R(R(^(^(^(^(#)))),#,0),#,^(^(^(^(^(0))))))),0,^(^(0)))
20482	R(^(^(R(R(^(^(#)),#,0),#,^(^(^(^(^(0)))))))),^(0),^(^(0)))
20483	^(R(^(^(R(R(^(^(#)),#,0),#,^(^(^(^(^(0)))))))),^(0),^(^(0))))
20736	R(R(R(^(^(^(#))),^(^(^(^(0)))),#),#,0),^(0),^(^(^(^(0)))))
20737	^(R(R(R(^(^(^(#))),^(^(^(^(0)))),#),#,0),^(0),^(^(^(^(0))))))
21197	R(^(^(R(R(^(^(^(#))),#,0),^(^(^(0))),#))),^(0),^(^(^(0))))
21198	^(R(^(^(R(R(^(^(^(#))),#,0),^(^(^(0))),#))),^(0),^(^(^(0)))))
21844	R(R(^(^(^(^(#)))),#,^(^(^(^(0))))),0,^(^(^(^(^(^(^(0))))))))
21845	R(R(^(^(^(^(#)))),#,^(0)),0,^(^(^(^(^(^(^(^(0)))))))))
21846	^(R(R(^(^(^(^(#)))),#,^(0)),0,^(^(^(^(^(^(^(^(0))))))))))
21847	R(^(^(R(R(^(^(^(^(#)))),#,^(0)),#,^(0)))),^(0),^(^(0)))
21848	R(^(^(^(R(R(^(^(^(^(#)))),#,^(0)),#,0)))),^(^(0)),^(^(0)))
21849	^(R(^(^(^(R(R(^(^(^(^(#)))),#,^(0)),#,0)))),^(^(0)),^(^(0))))
22102	R(^(R(R(^(^(^(^(#)))),#,^(0)),^(^(^(^(0)))),#)),0,^(^(0)))
22103	^(R(^(R(R(^(^(^(^(#)))),#,^(0)),^(^(^(^(0)))),#)),0,^(^(0))))
22409	R(R(^(^(^(^(^(^(^(#))))))),#,^(^(0))),^(0),^(^(^(^(^(0))))))
22961	R(R(R(^(^(^(#))),#,^(^(^(^(^(0)))))),#,^(0)),0,^(^(^(0))))
22962	^(R(R(R(^(^(^(#))),#,^(^(^(^(^(0)))))),#,^(0)),0,^(^(^(0)))))
22963	R(R(^(^(^(#))),#,^(0)),^(^(^(0))),^(^(^(^(^(^(^(^(0)))))))))
23328	R(R(^(^(^(^(^(^(#)))))),#,0),^(^(^(0))),^(^(^(^(^(0))))))
23329	^(R(R(^(^(^(^(^(^(#)))))),#,0),^(^(^(0))),^(^(^(^(^(0)))))))
23437	R(R(^(^(^(^(^(#))))),#,^(^(0))),^(0),^(^(^(^(^(^(0)))))))
23438	^(R(R(^(^(^(^(^(#))))),#,^(^(0))),^(0),^(^(^(^(^(^(0))))))))
24576	R(R(R(^(^(#)),#,0),#,^(^(^(^(^(^(0))))))),^(0),^(^(0)))
24577	R(^(R(R(^(^(#)),#,0),#,^(^(^(0))))),^(^(0)),^(^(0)))
24578	^(R(^(R(R(^(^(#)),#,0),#,^(^(^(0))))),^(^(0)),^(^(0))))
24579	^(^(R(^(R(R(^(^(#)),#,0),#,^(^(^(0))))),^(^(0)),^(^(0)))))
24580	^(^(^(R(^(R(R(^(^(#)),#,0),#,^(^(^(0))))),^(^(0)),^(^(0))))))
24883	R(R(^(^(^(^(^(^(#)))))),#,^(0)),^(^(^(0))),^(^(^(^(^(0))))))
26214	R(^(R(R(^(^(^(^(#)))),#,^(0)),^(^(0)),#)),0,^(^(^(^(0)))))
26215	^(R(^(R(R(^(^(^(^(#)))),#,^(0)),^(^(0)),#)),0,^(^(^(^(0))))))
26244	R(R(^(^(^(#))),#,0),^(^(^(^(0)))),^(^(^(^(^(^(^(^(0)))))))))
27306	R(R(^(^(^(^(#)))),#,^(^(0))),^(0),^(^(^(^(^(^(^(0))))))))
27307	R(^(R(R(^(^(^(^(#)))),#,^(^(0))),#,^(0))),^(0),^(^(0)))
27308	^(R(^(R(R(^(^(^(^(#)))),#,^(^(0))),#,^(0))),^(0),^(^(0))))
27309	^(^(R(^(R(R(^(^(^(^(#)))),#,^(^(0))),#,^(0))),^(0),^(^(0)))))
27343	R(R(^(^(^(^(^(#))))),#,^(^(^(0)))),^(0),^(^(^(^(^(^(0)))))))
27993	R(R(^(^(^(^(^(^(#)))))),#,^(^(^(0)))),0,^(^(^(^(^(^(0)))))))
28670	R(R(R(^(^(#)),#,^(^(0))),#,^(^(^(^(^(0)))))),^(0),^(^(0)))
28671	^(R(R(R(^(^(#)),#,^(^(0))),#,^(^(^(^(^(0)))))),^(0),^(^(0))))
29523	R(R(R(^(^(^(#))),#,^(^(^(0)))),^(^(^(0))),#),0,^(^(^(0))))
29524	R(R(R(^(^(^(#))),#,^(0)),^(^(0)),#),0,^(^(^(^(^(0))))))
29525	^(R(R(R(^(^(^(#))),#,^(0)),^(^(0)),#),0,^(^(^(^(^(0)))))))
29526	^(^(R(R(R(^(^(^(#))),#,^(0)),^(^(0)),#),0,^(^(^(^(^(0))))))))
29768	R(^(R(R(^(^(^(#))),#,^(0)),^(^(^(^(^(0))))),#)),0,^(^(0)))
29769	^(R(^(R(R(^(^(^(#))),#,^(0)),^(^(^(^(^(0))))),#)),0,^(^(0))))
30281	R(^(R(R(^(^(^(#))),#,^(0)),^(^(^(0))),#)),^(0),^(^(^(0))))
30282	^(R(^(R(R(^(^(^(#))),#,^(0)),^(^(^(0))),#)),^(0),^(^(^(0)))))
31104	R(R(^(^(^(^(^(^(#)))))),#,0),^(^(^(^(0)))),^(^(^(^(^(0))))))
31250	R(R(^(^(^(^(^(#))))),#,0),^(^(0)),^(^(^(^(^(^(0)))))))
31251	^(R(R(^(^(^(^(^(#))))),#,0),^(^(0)),^(^(^(^(^(^(0))))))))
31252	^(^(R(R(^(^(^(^(^(#))))),#,0),^(^(0)),^(^(^(^(^(^(0)))))))))
32765	R(R(R(^(^(#)),#,^(^(^(0)))),#,^(0)),^(^(0)),^(^(0)))
32766	R(R(R(^(^(#)),#,^(^(0))),#,0),^(^(^(0))),^(^(0)))
32767	R(R(R(^(^(#)),#,^(0)),#,0),^(^(^(^(0)))),^(^(0)))
32768	^(R(R(R(^(^(#)),#,^(0)),#,0),^(^(^(^(0)))),^(^(0))))
32769	^(^(R(R(R(^(^(#)),#,^(0)),#,0),^(^(^(^(0)))),^(^(0)))))
32770	^(^(^(R(R(R(^(^(#)),#,^(0)),#,0),^(^(^(^(0)))),^(^(0))))))
32771	^(^(^(^(R(R(R(^(^(#)),#,^(0)),#,0),^(^(^(^(0)))),^(^(0)))))))
33614	R(R(^(^(^(^(^(^(^(#))))))),#,0),^(^(0)),^(^(^(^(^(0))))))
33615	^(R(R(^(^(^(^(^(^(^(#))))))),#,0),^(^(0)),^(^(^(^(^(0)))))))
33824	R(^(R(R(^(^(#)),#,^(0)),^(^(^(^(^(0))))),#)),0,^(^(^(0))))
33825	R(^(R(R(^(^(#)),#,0),^(^(^(^(^(0))))),#)),0,^(^(^(^(0)))))
33826	^(R(^(R(R(^(^(#)),#,0),^(^(^(^(^(0))))),#)),0,^(^(^(^(0))))))
35156	R(R(^(^(^(^(^(#))))),#,^(0)),^(^(0)),^(^(^(^(^(^(0)))))))
35157	^(R(R(^(^(^(^(^(#))))),#,^(0)),^(^(0)),^(^(^(^(^(^(0))))))))
36415	R(R(^(^(^(^(^(^(^(#))))))),#,^(0)),^(^(0)),^(^(^(^(^(0))))))
36905	R(^(R(R(^(^(^(#))),#,^(0)),^(^(0)),#)),0,^(^(^(^(^(0))))))
36906	^(R(^(R(R(^(^(^(#))),#,^(0)),^(^(0)),#)),0,^(^(^(^(^(0)))))))
37448	R(^(R(R(^(^(#)),#,^(0)),^(^(^(0))),#)),0,^(^(^(^(^(0))))))
37449	R(^(R(R(^(^(#)),#,0),^(^(^(0))),#)),0,^(^(^(^(^(^(0)))))))
37450	^(R(^(R(R(^(^(#)),#,0),^(^(^(0))),#)),0,^(^(^(^(^(^(0))))))))
38227	R(R(^(R(R(^(^(#)),#,^(^(0))),^(^(0)),#)),#,0),^(0),^(^(0)))
38229	R(R(^(^(^(^(#)))),#,^(0)),^(^(0)),^(^(^(^(^(^(^(0))))))))
38230	^(R(R(^(^(^(^(#)))),#,^(0)),^(^(0)),^(^(^(^(^(^(^(0)))))))))
39062	R(R(^(^(^(^(^(#))))),#,^(^(0))),0,^(^(^(^(^(^(^(0))))))))
39063	^(R(R(^(^(^(^(^(#))))),#,^(^(0))),0,^(^(^(^(^(^(^(0)))))))))
39216	R(R(^(^(^(^(^(^(^(#))))))),#,^(^(0))),0,^(^(^(^(^(^(0)))))))
39365	R(R(R(^(^(^(#))),#,^(^(0))),^(^(^(0))),#),^(0),^(^(^(0))))
39366	R(R(R(^(^(^(#))),#,0),^(^(^(0))),#),^(^(0)),^(^(^(0))))
39367	^(R(R(R(^(^(^(#))),#,0),^(^(^(0))),#),^(^(0)),^(^(^(0)))))
39368	^(^(R(R(R(^(^(^(#))),#,0),^(^(^(0))),#),^(^(0)),^(^(^(0))))))
39369	R(^(^(^(R(R(^(^(^(#))),#,0),#,^(^(0)))))),^(0),^(^(0)))
39370	^(R(^(^(^(R(R(^(^(^(#))),#,0),#,^(^(0)))))),^(0),^(^(0))))
39371	^(^(R(^(^(^(R(R(^(^(^(#))),#,0),#,^(^(0)))))),^(0),^(^(0)))))
40123	R(^(R(R(^(^(^(#))),#,0),^(^(^(0))),#)),^(^(0)),^(^(^(0))))
40124	^(R(^(R(R(^(^(^(#))),#,0),^(^(^(0))),#)),^(^(0)),^(^(^(0)))))
40880	R(^(^(R(R(^(^(^(#))),#,0),^(^(^(0))),#))),0,^(^(^(^(0)))))
40881	^(R(^(^(R(R(^(^(^(#))),#,0),^(^(^(0))),#))),0,^(^(^(^(0))))))
43690	R(R(^(^(^(^(#)))),#,^(^(0))),0,^(^(^(^(^(^(^(^(0)))))))))
43691	^(R(R(^(^(^(^(#)))),#,^(^(0))),0,^(^(^(^(^(^(^(^(0))))))))))
46656	R(R(R(^(^(^(^(^(^(#)))))),#,0),#,^(0)),0,^(^(^(0))))
46657	^(R(R(R(^(^(^(^(^(^(#)))))),#,0),#,^(0)),0,^(^(^(0)))))
46658	^(^(R(R(R(^(^(^(^(^(^(#)))))),#,0),#,^(0)),0,^(^(^(0))))))
46659	^(^(^(R(R(R(^(^(^(^(^(^(#)))))),#,0),#,^(0)),0,^(^(^(0)))))))
46875	R(R(^(^(^(^(^(#))))),#,0),^(^(^(0))),^(^(^(^(^(^(0)))))))
46876	^(R(R(^(^(^(^(^(#))))),#,0),^(^(^(0))),^(^(^(^(^(^(0))))))))
49152	R(R(^(^(^(^(#)))),#,0),^(^(^(0))),^(^(^(^(^(^(^(0))))))))
49153	R(^(R(R(^(^(#)),#,0),#,^(^(^(^(^(^(0)))))))),^(0),^(^(0)))
49154	R(^(^(R(R(^(^(#)),#,0),#,^(^(^(0)))))),^(^(0)),^(^(0)))
49155	^(R(^(^(R(R(^(^(#)),#,0),#,^(^(^(0)))))),^(^(0)),^(^(0))))
49156	^(^(R(^(^(R(R(^(^(#)),#,0),#,^(^(^(0)))))),^(^(0)),^(^(0)))))
49207	R(R(R(^(^(^(#))),#,^(0)),^(^(^(0))),#),^(^(0)),^(^(^(0))))
49208	^(R(R(R(^(^(^(#))),#,^(0)),^(^(^(0))),#),^(^(0)),^(^(^(0)))))
49209	R(^(^(R(R(^(^(^(#))),#,^(0)),#,^(^(0))))),^(0),^(^(0)))
49210	^(R(^(^(R(R(^(^(^(#))),#,^(0)),#,^(^(0))))),^(0),^(^(0))))
49211	^(^(R(^(^(R(R(^(^(^(#))),#,^(0)),#,^(^(0))))),^(0),^(^(0)))))
50421	R(R(^(^(^(^(^(^(^(#))))))),#,0),^(^(^(0))),^(^(^(^(^(0))))))
50781	R(R(^(^(^(^(^(#))))),#,^(0)),^(^(^(0))),^(^(^(^(^(^(0)))))))
54613	R(R(^(^(^(^(#)))),#,^(0)),^(^(^(0))),^(^(^(^(^(^(^(0))))))))
55987	R(R(R(^(^(^(^(^(^(#)))))),#,^(0)),#,0),^(^(0)),^(^(0)))
55988	^(R(R(R(^(^(^(^(^(^(#)))))),#,^(0)),#,0),^(^(0)),^(^(0))))
55989	^(^(R(R(R(^(^(^(^(^(^(#)))))),#,^(0)),#,0),^(^(0)),^(^(0)))))
57343	R(R(R(^(^(#)),#,^(0)),#,^(^(^(^(^(^(0))))))),^(0),^(^(0)))
57344	^(R(R(R(^(^(#)),#,^(0)),#,^(^(^(^(^(^(0))))))),^(0),^(^(0))))
58593	R(R(^(^(^(^(^(#))))),#,^(^(^(0)))),0,^(^(^(^(^(^(^(0))))))))
59048	R(R(R(^(^(^(#))),#,^(^(0))),^(^(0)),#),0,^(^(^(^(^(0))))))
59049	R(R(R(^(^(^(#))),#,0),#,^(^(^(0)))),^(0),^(^(0)))
59050	R(^(R(R(^(^(^(#))),#,0),#,^(0))),0,^(^(^(0))))
59051	^(R(^(R(R(^(^(^(#))),#,0),#,^(0))),0,^(^(^(0)))))
59052	^(^(R(^(R(R(^(^(^(#))),#,0),#,^(0))),0,^(^(^(0))))))
59053	^(^(^(R(^(R(R(^(^(^(#))),#,0),#,^(0))),0,^(^(^(0)))))))
59054	^(^(^(^(R(^(R(R(^(^(^(#))),#,0),#,^(0))),0,^(^(^(0))))))))
59055	^(^(^(^(^(R(^(R(R(^(^(^(#))),#,0),#,^(0))),0,^(^(^(0)))))))))
59293	R(^(R(R(^(^(^(#))),#,0),^(^(^(^(^(0))))),#)),0,^(^(^(0))))
59294	^(R(^(R(R(^(^(^(#))),#,0),^(^(^(^(^(0))))),#)),0,^(^(^(0)))))
62500	R(R(^(^(^(^(^(#))))),#,0),^(^(^(^(0)))),^(^(^(^(^(^(0)))))))
65318	R(R(^(^(^(^(^(^(#)))))),#,^(^(0))),^(0),^(^(^(^(^(^(0)))))))
65534	R(R(R(^(^(#)),#,^(^(0))),#,^(^(0))),0,^(^(^(0))))
65535	R(R(R(^(^(#)),#,^(0)),#,^(0)),0,^(^(^(^(0)))))
65536	R(R(R(^(^(#)),#,0),#,^(0)),0,^(^(^(^(^(0))))))
65537	^(R(R(R(^(^(#)),#,0),#,^(0)),0,^(^(^(^(^(0)))))))
65538	^(^(R(R(R(^(^(#)),#,0),#,^(0)),0,^(^(^(^(^(0))))))))
65539	^(^(^(R(R(R(^(^(#)),#,0),#,^(0)),0,^(^(^(^(^(0)))))))))
65540	R(^(^(^(^(R(R(^(^(^(^(#)))),#,0),#,^(0)))))),^(0),^(^(0)))
65541	R(^(^(^(^(^(R(R(R(^(^(#)),#,0),#,^(0)),#,0)))))),0,^(^(0)))
65793	R(^(R(R(^(^(^(^(#)))),#,0),^(^(^(^(0)))),#)),0,^(^(^(0))))
65794	^(R(^(R(R(^(^(^(^(#)))),#,0),^(^(^(^(0)))),#)),0,^(^(^(0)))))
66430	R(^(R(R(^(^(^(#))),#,0),^(^(0)),#)),0,^(^(^(^(^(^(0)))))))
66431	^(R(^(R(R(^(^(^(#))),#,0),^(^(0)),#)),0,^(^(^(^(^(^(0))))))))
68889	R(R(R(^(^(^(#))),#,^(^(^(0)))),#,^(^(0))),^(0),^(^(0)))
68890	^(R(R(R(^(^(^(#))),#,^(^(^(0)))),#,^(^(0))),^(0),^(^(0))))
68891	^(^(R(R(R(^(^(^(#))),#,^(^(^(0)))),#,^(^(0))),^(0),^(^(0)))))
69904	R(^(R(R(^(^(#)),#,^(0)),^(^(^(^(0)))),#)),0,^(^(^(^(0)))))
69905	R(^(R(R(^(^(#)),#,0),^(^(^(^(0)))),#)),0,^(^(^(^(^(0))))))
69906	^(R(^(R(R(^(^(#)),#,0),^(^(^(^(0)))),#)),0,^(^(^(^(^(0)))))))
78125	R(R(^(^(^(^(^(#))))),#,0),^(0),^(^(^(^(^(^(^(0))))))))
78126	^(R(R(^(^(^(^(^(#))))),#,0),^(0),^(^(^(^(^(^(^(0)))))))))
78127	R(^(^(R(R(^(^(^(^(^(#))))),#,0),#,^(0)))),^(0),^(^(0)))
78128	^(R(^(^(R(R(^(^(^(^(^(#))))),#,0),#,^(0)))),^(0),^(^(0))))
78129	^(^(R(^(^(R(R(^(^(^(^(^(#))))),#,0),#,^(0)))),^(0),^(^(0)))))
87381	R(R(R(^(^(^(^(#)))),#,^(0)),^(^(^(0))),#),0,^(^(^(0))))
87382	^(R(R(R(^(^(^(^(#)))),#,^(0)),^(^(^(0))),#),0,^(^(^(0)))))
87383	^(^(R(R(R(^(^(^(^(#)))),#,^(0)),^(^(^(0))),#),0,^(^(^(0))))))
87384	R(^(^(^(R(R(^(^(^(^(#)))),#,^(0)),#,^(0))))),^(0),^(^(0)))
87385	^(R(^(^(^(R(R(^(^(^(^(#)))),#,^(0)),#,^(0))))),^(0),^(^(0))))
88573	R(R(R(^(^(^(#))),#,^(0)),^(^(0)),#),^(0),^(^(^(^(^(0))))))
88574	^(R(R(R(^(^(^(#))),#,^(0)),^(^(0)),#),^(0),^(^(^(^(^(0)))))))
91542	R(^(R(R(^(^(^(^(#)))),#,^(0)),^(^(^(0))),#)),0,^(^(^(0))))
91543	^(R(^(R(R(^(^(^(^(#)))),#,^(0)),^(^(^(0))),#)),0,^(^(^(0)))))
93312	R(R(^(^(^(^(^(^(#)))))),#,0),^(^(0)),^(^(^(^(^(^(0)))))))
93313	^(R(R(^(^(^(^(^(^(#)))))),#,0),^(^(0)),^(^(^(^(^(^(0))))))))
97656	R(R(^(^(^(^(^(#))))),#,^(0)),0,^(^(^(^(^(^(^(^(0)))))))))
97657	R(^(R(R(^(^(^(^(^(#))))),#,^(0)),#,^(0))),^(0),^(^(0)))
97658	R(^(^(R(R(^(^(^(^(^(#))))),#,^(0)),#,0))),0,^(^(^(0))))
97659	^(R(^(^(R(R(^(^(^(^(^(#))))),#,^(0)),#,0))),0,^(^(^(0)))))
97660	^(^(R(^(^(R(R(^(^(^(^(^(#))))),#,^(0)),#,0))),0,^(^(^(0))))))
98307	R(^(^(^(R(R(^(^(#)),#,0),#,^(^(^(0))))))),^(^(0)),^(^(0)))
98308	^(R(^(^(^(R(R(^(^(#)),#,0),#,^(^(^(0))))))),^(^(0)),^(^(0))))
102643	R(R(^(^(^(^(^(^(#)))))),#,^(0)),^(^(0)),^(^(^(^(^(^(0)))))))
109226	R(R(^(^(^(^(#)))),#,^(^(0))),^(0),^(^(^(^(^(^(^(^(0)))))))))
109228	R(^(^(R(R(^(^(^(^(#)))),#,^(^(0))),#,^(0)))),^(0),^(^(0)))
109229	^(R(^(^(R(R(^(^(^(^(#)))),#,^(^(0))),#,^(0)))),^(0),^(^(0))))
111974	R(R(^(^(^(^(^(^(#)))))),#,^(^(0))),0,^(^(^(^(^(^(^(0))))))))
114688	R(R(R(^(^(#)),#,0),#,^(^(^(^(^(^(^(0)))))))),^(0),^(^(0)))
114689	^(R(R(R(^(^(#)),#,0),#,^(^(^(^(^(^(^(0)))))))),^(0),^(^(0))))
117187	R(R(R(^(^(^(^(^(#))))),#,^(^(0))),#,^(0)),0,^(^(^(0))))
117188	^(R(R(R(^(^(^(^(^(#))))),#,^(^(0))),#,^(0)),0,^(^(^(0)))))
117189	^(^(R(R(R(^(^(^(^(^(#))))),#,^(^(0))),#,^(0)),0,^(^(^(0))))))
117649	R(R(^(^(^(^(^(^(^(#))))))),#,0),^(0),^(^(^(^(^(^(0)))))))
117650	^(R(R(^(^(^(^(^(^(^(#))))))),#,0),^(0),^(^(^(^(^(^(0))))))))
118098	R(R(R(^(^(^(#))),#,0),^(^(0)),#),^(^(0)),^(^(^(^(^(0))))))
118099	^(R(R(R(^(^(^(#))),#,0),^(^(0)),#),^(^(0)),^(^(^(^(^(0)))))))
118100	R(^(^(#)),0,R(^(R(R(^(^(^(#))),#,0),#,^(0))),0,^(^(^(0)))))
118102	R(^(^(^(^(R(R(^(^(^(#))),#,0),#,^(^(0))))))),^(0),^(^(0)))
118103	^(R(^(^(^(^(R(R(^(^(^(#))),#,0),#,^(^(0))))))),^(0),^(^(0))))
131070	R(R(R(^(^(#)),#,^(^(0))),^(^(^(^(0)))),#),0,^(^(^(^(0)))))
131071	R(R(R(^(^(#)),#,^(0)),#,^(^(^(0)))),^(^(0)),^(^(0)))
131072	R(R(R(^(^(#)),#,0),#,^(^(0))),^(^(^(0))),^(^(0)))
131073	R(^(R(R(^(^(#)),#,0),#,^(0))),^(^(^(^(0)))),^(^(0)))
131074	^(R(^(R(R(^(^(#)),#,0),#,^(0))),^(^(^(^(0)))),^(^(0))))
131075	^(^(R(^(R(R(^(^(#)),#,0),#,^(0))),^(^(^(^(0)))),^(^(0)))))
131076	^(^(^(R(^(R(R(^(^(#)),#,0),#,^(0))),^(^(^(^(0)))),^(^(0))))))
137257	R(R(^(^(^(^(^(^(^(#))))))),#,^(0)),0,^(^(^(^(^(^(^(0))))))))
139968	R(R(^(^(^(^(^(^(#)))))),#,0),^(^(^(0))),^(^(^(^(^(^(0)))))))
147625	R(^(^(^(R(R(^(^(^(#))),#,^(0)),#,^(^(0)))))),^(0),^(^(0)))
147626	^(R(^(^(^(R(R(^(^(^(#))),#,^(0)),#,^(^(0)))))),^(0),^(^(0))))
152916	R(R(R(^(^(^(^(#)))),#,^(^(^(^(0))))),#,^(0)),0,^(^(^(0))))
152917	R(R(^(^(^(^(#)))),#,^(0)),^(^(0)),^(^(^(^(^(^(^(^(0)))))))))
156250	R(R(^(^(^(^(^(#))))),#,0),^(^(0)),^(^(^(^(^(^(^(0))))))))
156251	^(R(R(^(^(^(^(^(#))))),#,0),^(^(0)),^(^(^(^(^(^(^(0)))))))))
163835	R(R(R(^(^(#)),#,^(^(^(^(^(0)))))),#,0),^(^(0)),^(^(0)))
163836	^(R(R(R(^(^(#)),#,^(^(^(^(^(0)))))),#,0),^(^(0)),^(^(0))))
163837	^(^(R(R(R(^(^(#)),#,^(^(^(^(^(0)))))),#,0),^(^(0)),^(^(0)))))
174762	R(R(R(^(^(^(^(#)))),#,^(^(0))),^(^(^(0))),#),0,^(^(^(0))))
174763	^(R(R(R(^(^(^(^(#)))),#,^(^(0))),^(^(^(0))),#),0,^(^(^(0)))))
175781	R(R(^(^(^(^(^(#))))),#,^(0)),^(^(0)),^(^(^(^(^(^(^(0))))))))
177147	R(R(^(^(^(#))),#,0),^(0),R(^(^(#)),^(0),^(^(^(^(^(0)))))))
177148	R(^(R(R(^(^(^(#))),#,0),#,^(^(^(0))))),^(0),^(^(0)))
177149	R(^(^(R(R(^(^(^(#))),#,0),#,^(0)))),^(^(0)),^(^(0)))
177150	^(R(^(^(R(R(^(^(^(#))),#,0),#,^(0)))),^(^(0)),^(^(0))))
177151	^(^(R(^(^(R(R(^(^(^(#))),#,0),#,^(0)))),^(^(0)),^(^(0)))))
177152	^(^(^(R(^(^(R(R(^(^(^(#))),#,0),#,^(0)))),^(^(0)),^(^(0))))))
195312	R(R(^(^(^(^(^(#))))),#,^(^(0))),0,^(^(^(^(^(^(^(^(0)))))))))
196608	R(R(^(^(^(^(#)))),#,0),^(^(^(0))),^(^(^(^(^(^(^(^(0)))))))))
206671	R(R(R(^(^(^(#))),#,^(0)),#,^(^(^(0)))),^(0),^(^(0)))
206672	^(R(R(R(^(^(^(#))),#,^(0)),#,^(^(^(0)))),^(0),^(^(0))))
206673	^(^(R(R(R(^(^(^(#))),#,^(0)),#,^(^(^(0)))),^(0),^(^(0)))))
206674	^(^(^(R(R(R(^(^(^(#))),#,^(0)),#,^(^(^(0)))),^(0),^(^(0))))))
234375	R(R(^(^(^(^(^(#))))),#,0),^(^(^(0))),^(^(^(^(^(^(^(0))))))))
235298	R(R(^(^(^(^(^(^(^(#))))))),#,0),^(^(0)),^(^(^(^(^(^(0)))))))
236194	R(R(R(^(^(^(#))),#,^(^(^(^(0))))),#,^(^(0))),^(0),^(^(0)))
236195	^(R(R(R(^(^(^(#))),#,^(^(^(^(0))))),#,^(^(0))),^(0),^(^(0))))
262143	R(R(R(^(^(#)),#,^(0)),^(^(^(0))),#),0,^(^(^(^(^(^(0)))))))
262144	R(R(R(^(^(#)),#,0),#,^(^(^(^(0))))),^(^(0)),^(^(0)))
262145	R(^(R(R(^(^(#)),#,0),#,^(^(0)))),0,^(^(^(0))))
262146	R(^(^(R(R(^(^(#)),#,0),#,^(0)))),^(0),^(^(^(0))))
262147	^(R(^(^(R(R(^(^(#)),#,0),#,^(0)))),^(0),^(^(^(0)))))
262148	^(^(R(^(^(R(R(^(^(#)),#,0),#,^(0)))),^(0),^(^(^(0))))))
262149	^(^(^(R(^(^(R(R(^(^(#)),#,0),#,^(0)))),^(0),^(^(^(0)))))))
262150	^(^(^(^(R(^(^(R(R(^(^(#)),#,0),#,^(0)))),^(0),^(^(^(0))))))))
265720	R(R(R(^(^(^(#))),#,^(0)),^(^(^(0))),#),0,^(^(^(^(0)))))
265721	^(R(R(R(^(^(^(#))),#,^(0)),^(^(^(0))),#),0,^(^(^(^(0))))))
265722	^(^(R(R(R(^(^(^(#))),#,^(0)),^(^(^(0))),#),0,^(^(^(^(0)))))))
266305	R(^(R(R(^(^(^(^(#)))),#,0),^(^(^(0))),#)),0,^(^(^(^(0)))))
266306	^(R(^(R(R(^(^(^(^(#)))),#,0),^(^(^(0))),#)),0,^(^(^(^(0))))))
272363	R(^(R(R(^(^(^(#))),#,^(0)),^(^(^(^(0)))),#)),0,^(^(^(0))))
272364	^(R(^(R(R(^(^(^(#))),#,^(0)),^(^(^(^(0)))),#)),0,^(^(^(0)))))
279936	R(R(^(^(^(^(^(^(#)))))),#,0),^(0),^(^(^(^(^(^(^(0))))))))
279937	R(^(R(R(^(^(^(^(^(^(#)))))),#,0),#,^(0))),^(0),^(^(0)))
279938	^(R(^(R(R(^(^(^(^(^(^(#)))))),#,0),#,^(0))),^(0),^(^(0))))
279939	^(^(R(^(R(R(^(^(^(^(^(^(#)))))),#,0),#,^(0))),^(0),^(^(0)))))
286160	R(^(R(R(^(^(^(#))),#,^(0)),^(^(^(0))),#)),0,^(^(^(^(0)))))
286161	^(R(^(R(R(^(^(^(#))),#,^(0)),^(^(^(0))),#)),0,^(^(^(^(0))))))
327676	R(R(R(^(^(#)),#,^(^(^(^(0))))),#,^(0)),^(^(0)),^(^(0)))
327677	^(R(R(R(^(^(#)),#,^(^(^(^(0))))),#,^(0)),^(^(0)),^(^(0))))
327678	^(^(R(R(R(^(^(#)),#,^(^(^(^(0))))),#,^(0)),^(^(0)),^(^(0)))))
335923	R(R(R(^(^(^(^(^(^(#)))))),#,^(0)),#,^(0)),0,^(^(^(0))))
335924	R(^(R(R(^(^(^(^(^(^(#)))))),#,^(0)),#,0)),0,^(^(^(^(0)))))
335925	^(R(^(R(R(^(^(^(^(^(^(#)))))),#,^(0)),#,0)),0,^(^(^(^(0))))))
349525	R(R(R(^(^(^(^(#)))),#,^(0)),^(^(0)),#),0,^(^(^(^(^(0))))))
349526	^(R(R(R(^(^(^(^(#)))),#,^(0)),^(^(0)),#),0,^(^(^(^(^(0)))))))
390625	R(R(^(^(^(^(^(#))))),#,0),^(0),^(^(^(^(^(^(^(^(0)))))))))
390626	^(R(R(^(^(^(^(^(#))))),#,0),^(0),^(^(^(^(^(^(^(^(0))))))))))
390628	R(^(^(^(R(R(^(^(^(^(^(#))))),#,0),#,^(0))))),^(0),^(^(0)))
390629	^(R(^(^(^(R(R(^(^(^(^(^(#))))),#,0),#,^(0))))),^(0),^(^(0))))
488281	R(R(R(^(^(^(^(^(#))))),#,^(0)),^(^(^(0))),#),0,^(^(^(0))))
488282	^(R(R(R(^(^(^(^(^(#))))),#,^(0)),^(^(^(0))),#),0,^(^(^(0)))))
488283	R(^(^(R(R(^(^(^(^(^(#))))),#,^(0)),#,^(0)))),^(0),^(^(0)))
488284	^(R(^(^(R(R(^(^(^(^(^(#))))),#,^(0)),#,^(0)))),^(0),^(^(0))))
524288	R(R(R(^(^(^(^(#)))),#,0),^(^(^(0))),#),^(^(0)),^(^(^(0))))
524289	R(^(R(R(^(^(^(^(#)))),#,0),#,^(^(0)))),^(0),^(^(0)))
524290	R(^(^(R(R(^(^(#)),#,0),#,^(^(0))))),^(^(^(0))),^(^(0)))
524291	R(^(^(^(R(R(^(^(#)),#,0),#,^(0))))),0,^(^(^(0))))
524292	^(R(^(^(^(R(R(^(^(#)),#,0),#,^(0))))),0,^(^(^(0)))))
524293	^(^(R(^(^(^(R(R(^(^(#)),#,0),#,^(0))))),0,^(^(^(0))))))
524294	^(^(^(R(^(^(^(R(R(^(^(#)),#,0),#,^(0))))),0,^(^(^(0)))))))
524295	^(^(^(^(R(^(^(^(R(R(^(^(#)),#,0),#,^(0))))),0,^(^(^(0))))))))
531440	R(R(R(^(^(^(#))),#,^(^(0))),^(^(^(0))),#),0,^(^(^(^(0)))))
531441	R(R(R(^(^(^(#))),#,0),^(^(^(0))),#),^(0),^(^(^(^(0)))))
531442	^(R(R(R(^(^(^(#))),#,0),^(^(^(0))),#),^(0),^(^(^(^(0))))))
531443	R(^(^(R(R(^(^(^(#))),#,0),#,^(^(^(0)))))),^(0),^(^(0)))
531444	R(^(^(^(R(R(^(^(^(#))),#,0),#,^(0))))),^(^(0)),^(^(0)))
531445	^(R(^(^(^(R(R(^(^(^(#))),#,0),#,^(0))))),^(^(0)),^(^(0))))
531446	^(^(R(^(^(^(R(R(^(^(^(#))),#,0),#,^(0))))),^(^(0)),^(^(0)))))
538084	R(^(R(R(^(^(^(#))),#,0),^(^(^(^(0)))),#)),0,^(^(^(^(0)))))
538085	^(R(^(R(R(^(^(^(#))),#,0),^(^(^(^(0)))),#)),0,^(^(^(^(0))))))
551881	R(^(R(R(^(^(^(#))),#,0),^(^(^(0))),#)),0,^(^(^(^(^(0))))))
551882	^(R(^(R(R(^(^(^(#))),#,0),^(^(^(0))),#)),0,^(^(^(^(^(0)))))))
559872	R(R(^(^(^(^(^(^(#)))))),#,0),^(^(0)),^(^(^(^(^(^(^(0))))))))
585938	R(^(R(R(^(^(^(^(^(#))))),#,^(^(0))),#,^(0))),^(0),^(^(0)))
585939	^(R(^(R(R(^(^(^(^(^(#))))),#,^(^(0))),#,^(0))),^(0),^(^(0))))
611669	R(R(R(^(^(^(^(#)))),#,^(0)),#,^(^(0))),^(0),^(^(0)))
611670	^(R(R(R(^(^(^(^(#)))),#,^(0)),#,^(^(0))),^(0),^(^(0))))
611671	^(^(R(R(R(^(^(^(^(#)))),#,^(0)),#,^(^(0))),^(0),^(^(0)))))
611672	^(^(^(R(R(R(^(^(^(^(#)))),#,^(0)),#,^(^(0))),^(0),^(^(0))))))
620015	R(^(R(R(^(^(^(#))),#,^(0)),#,^(^(^(0))))),^(0),^(^(0)))
620016	^(R(^(R(R(^(^(^(#))),#,^(0)),#,^(^(^(0))))),^(0),^(^(0))))
620017	^(^(R(^(R(R(^(^(^(#))),#,^(0)),#,^(^(^(0))))),^(0),^(^(0)))))
655357	R(R(R(^(^(#)),#,^(^(^(0)))),#,^(^(0))),0,^(^(^(0))))
655358	^(R(R(R(^(^(#)),#,^(^(^(0)))),#,^(^(0))),0,^(^(^(0)))))
655359	^(^(R(R(R(^(^(#)),#,^(^(^(0)))),#,^(^(0))),0,^(^(^(0))))))
655360	^(^(^(R(R(R(^(^(#)),#,^(^(^(0)))),#,^(^(0))),0,^(^(^(0)))))))
683593	R(R(R(^(^(^(^(^(#))))),#,^(^(^(0)))),#,^(0)),0,^(^(^(0))))
683594	^(R(R(R(^(^(^(^(^(#))))),#,^(^(^(0)))),#,^(0)),0,^(^(^(0)))))
699050	R(R(R(^(^(^(^(#)))),#,^(^(0))),#,0),^(0),^(^(^(0))))
699051	^(R(R(R(^(^(^(^(#)))),#,^(^(0))),#,0),^(0),^(^(^(0)))))
699052	^(^(R(R(R(^(^(^(^(#)))),#,^(^(0))),#,0),^(0),^(^(^(0))))))
699053	^(^(^(R(R(R(^(^(^(^(#)))),#,^(^(0))),#,0),^(0),^(^(^(0)))))))
708587	R(R(R(^(^(^(#))),#,^(^(0))),#,^(^(^(0)))),^(0),^(^(0)))
708588	^(R(R(R(^(^(^(#))),#,^(^(0))),#,^(^(^(0)))),^(0),^(^(0))))
708589	^(^(R(R(R(^(^(^(#))),#,^(^(0))),#,^(^(^(0)))),^(0),^(^(0)))))
781250	R(R(^(^(^(^(^(#))))),#,0),^(^(0)),^(^(^(^(^(^(^(^(0)))))))))
786429	R(R(R(R(^(^(#)),#,^(^(^(0)))),^(^(0)),#),#,0),^(0),^(^(0)))
797160	R(R(R(^(^(^(#))),#,^(^(^(0)))),#,0),^(^(0)),^(^(0)))
797161	R(R(R(^(^(^(#))),#,^(0)),#,0),^(^(^(0))),^(^(0)))
797162	^(R(R(R(^(^(^(#))),#,^(0)),#,0),^(^(^(0))),^(^(0))))
797163	^(^(R(R(R(^(^(^(#))),#,^(0)),#,0),^(^(^(0))),^(^(0)))))
797164	^(^(^(R(R(R(^(^(^(#))),#,^(0)),#,0),^(^(^(0))),^(^(0))))))
797165	^(^(^(^(R(R(R(^(^(^(#))),#,^(0)),#,0),^(^(^(0))),^(^(0)))))))
823543	R(R(R(^(^(^(^(^(^(^(#))))))),#,0),#,^(0)),0,^(^(^(0))))
823544	^(R(R(R(^(^(^(^(^(^(^(#))))))),#,0),#,^(0)),0,^(^(^(0)))))
823545	^(^(R(R(R(^(^(^(^(^(^(^(#))))))),#,0),#,^(0)),0,^(^(^(0))))))
960800	R(R(R(^(^(^(^(^(^(^(#))))))),#,^(0)),#,0),^(^(0)),^(^(0)))
960801	^(R(R(R(^(^(^(^(^(^(^(#))))))),#,^(0)),#,0),^(^(0)),^(^(0))))
1048575	R(R(R(^(^(#)),#,^(0)),^(^(^(^(0)))),#),0,^(^(^(^(^(0))))))
1048576	R(R(R(^(^(#)),#,0),^(^(^(^(0)))),#),^(0),^(^(^(^(^(0))))))
1048577	^(R(R(R(^(^(#)),#,0),^(^(^(^(0)))),#),^(0),^(^(^(^(^(0)))))))
1048578	R(^(^(R(R(^(^(#)),#,0),#,^(^(^(^(0))))))),^(^(0)),^(^(0)))
1048579	R(^(^(^(R(R(^(^(#)),#,0),#,^(^(0)))))),^(^(^(0))),^(^(0)))
1048580	^(R(^(^(^(R(R(^(^(#)),#,0),#,^(^(0)))))),^(^(^(0))),^(^(0))))
1062882	R(R(R(^(^(^(#))),#,0),^(^(^(0))),#),^(^(0)),^(^(^(^(0)))))
1062883	^(R(R(R(^(^(^(#))),#,0),^(^(^(0))),#),^(^(0)),^(^(^(^(0))))))
1310718	R(R(R(^(^(#)),#,^(^(0))),#,^(^(^(0)))),^(^(0)),^(^(0)))
1310719	^(R(R(R(^(^(#)),#,^(^(0))),#,^(^(^(0)))),^(^(0)),^(^(0))))
1310720	^(^(R(R(R(^(^(#)),#,^(^(0))),#,^(^(^(0)))),^(^(0)),^(^(0)))))
1572858	R(R(R(^(^(#)),#,^(^(^(^(^(^(0))))))),#,0),^(^(0)),^(^(0)))
1572859	^(R(R(R(^(^(#)),#,^(^(^(^(^(^(0))))))),#,0),^(^(0)),^(^(0))))
1594323	R(R(^(^(^(#))),#,0),^(0),R(^(^(^(#))),^(0),^(^(^(^(0))))))
1594324	^(R(R(^(^(^(#))),#,0),^(0),R(^(^(^(#))),^(0),^(^(^(^(0)))))))
1594326	R(^(^(^(R(R(^(^(^(#))),#,0),#,^(^(^(0))))))),^(0),^(^(0)))
1594327	R(^(^(^(^(R(R(^(^(^(#))),#,0),#,^(0)))))),^(^(0)),^(^(0)))
1594328	^(R(^(^(^(^(R(R(^(^(^(#))),#,0),#,^(0)))))),^(^(0)),^(^(0))))
1679616	R(R(^(^(^(^(^(^(#)))))),#,0),^(0),^(^(^(^(^(^(^(^(0)))))))))
1679618	R(^(^(R(R(^(^(^(^(^(^(#)))))),#,0),#,^(0)))),^(0),^(^(0)))
1679619	^(R(^(^(R(R(^(^(^(^(^(^(#)))))),#,0),#,^(0)))),^(0),^(^(0))))
1860045	R(^(^(R(R(^(^(^(#))),#,^(0)),#,^(^(^(0)))))),^(0),^(^(0)))
1860046	^(R(^(^(R(R(^(^(^(#))),#,^(0)),#,^(^(^(0)))))),^(0),^(^(0))))
1953125	R(R(R(^(^(^(^(^(#))))),#,0),^(^(^(0))),#),^(0),^(^(^(0))))
1953126	^(R(R(R(^(^(^(^(^(#))))),#,0),^(^(^(0))),#),^(0),^(^(^(0)))))
2015540	R(^(R(R(^(^(^(^(^(^(#)))))),#,^(0)),#,^(0))),^(0),^(^(0)))
2015541	R(^(^(R(R(^(^(^(^(^(^(#)))))),#,^(0)),#,0))),0,^(^(^(0))))
2015542	^(R(^(^(R(R(^(^(^(^(^(^(#)))))),#,^(0)),#,0))),0,^(^(^(0)))))
2097151	R(R(R(R(^(^(#)),#,^(0)),^(^(^(0))),#),#,0),^(0),^(^(0)))
2097152	^(R(R(R(R(^(^(#)),#,^(0)),^(^(^(0))),#),#,0),^(0),^(^(0))))
2097154	R(^(^(R(R(^(^(^(^(#)))),#,0),#,^(^(0))))),^(0),^(^(0)))
2097155	^(R(^(^(R(R(^(^(^(^(#)))),#,0),#,^(^(0))))),^(0),^(^(0))))
2097156	^(^(R(^(^(R(R(^(^(^(^(#)))),#,0),#,^(^(0))))),^(0),^(^(0)))))
2125764	R(R(R(^(^(^(#))),#,0),#,^(^(^(^(0))))),^(0),^(^(0)))
2125765	^(R(R(R(^(^(^(#))),#,0),#,^(^(^(^(0))))),^(0),^(^(0))))
2125766	^(^(R(R(R(^(^(^(#))),#,0),#,^(^(^(^(0))))),^(0),^(^(0)))))
2125767	^(^(^(R(R(R(^(^(^(#))),#,0),#,^(^(^(^(0))))),^(0),^(^(0))))))
2351462	R(R(R(^(^(^(^(^(^(#)))))),#,^(^(0))),#,^(0)),0,^(^(^(0))))
2351463	^(R(R(R(^(^(^(^(^(^(#)))))),#,^(^(0))),#,^(0)),0,^(^(^(0)))))
2391483	R(R(R(^(^(^(#))),#,^(^(^(0)))),#,^(^(^(0)))),^(0),^(^(0)))
2391484	R(R(R(^(^(^(#))),#,^(0)),#,^(0)),^(^(0)),^(^(0)))
2391485	R(^(R(R(^(^(^(#))),#,^(0)),#,0)),^(^(^(0))),^(^(0)))
2391486	^(R(^(R(R(^(^(^(#))),#,^(0)),#,0)),^(^(^(0))),^(^(0))))
2391487	^(^(R(^(R(R(^(^(^(#))),#,^(0)),#,0)),^(^(^(0))),^(^(0)))))
2391488	^(^(^(R(^(R(R(^(^(^(#))),#,^(0)),#,0)),^(^(^(0))),^(^(0))))))
2446678	R(^(R(R(^(^(^(^(#)))),#,^(0)),#,^(^(0)))),^(0),^(^(0)))
2446679	^(R(^(R(R(^(^(^(^(#)))),#,^(0)),#,^(^(0)))),^(0),^(^(0))))
2446680	^(^(R(^(R(R(^(^(^(^(#)))),#,^(0)),#,^(^(0)))),^(0),^(^(0)))))
2621439	R(R(R(^(^(#)),#,^(0)),#,^(^(^(^(0))))),^(^(0)),^(^(0)))
2621440	^(R(R(R(^(^(#)),#,^(0)),#,^(^(^(^(0))))),^(^(0)),^(^(0))))
2621441	^(^(R(R(R(^(^(#)),#,^(0)),#,^(^(^(^(0))))),^(^(0)),^(^(0)))))
2796202	R(R(R(^(^(^(^(#)))),#,^(^(0))),#,^(^(0))),^(0),^(^(0)))
2796203	R(^(R(R(^(^(^(^(#)))),#,^(^(0))),#,0)),^(^(0)),^(^(0)))
2796204	^(R(^(R(R(^(^(^(^(#)))),#,^(^(0))),#,0)),^(^(0)),^(^(0))))
2796205	^(^(R(^(R(R(^(^(^(^(#)))),#,^(^(0))),#,0)),^(^(0)),^(^(0)))))
3145723	R(R(R(^(^(#)),#,^(^(^(^(^(0)))))),#,^(0)),^(^(0)),^(^(0)))
3145724	^(R(R(R(^(^(#)),#,^(^(^(^(^(0)))))),#,^(0)),^(^(0)),^(^(0))))
3145726	R(R(R(R(^(^(#)),#,^(^(0))),^(^(0)),#),#,^(0)),0,^(^(^(0))))
5242880	R(R(R(^(^(#)),#,0),#,^(^(^(^(^(0)))))),^(^(0)),^(^(0)))
5242881	^(R(R(R(^(^(#)),#,0),#,^(^(^(^(^(0)))))),^(^(0)),^(^(0))))
5242882	^(^(R(R(R(^(^(#)),#,0),#,^(^(^(^(^(0)))))),^(^(0)),^(^(0)))))
5592405	R(R(R(^(^(^(^(#)))),#,^(0)),^(^(^(0))),#),0,^(^(^(^(0)))))
5592406	^(R(R(R(^(^(^(^(#)))),#,^(0)),^(^(^(0))),#),0,^(^(^(^(0))))))
5764802	R(^(R(R(^(^(^(^(^(^(^(#))))))),#,0),#,^(0))),^(0),^(^(0)))
5764803	^(R(^(R(R(^(^(^(^(^(^(^(#))))))),#,0),#,^(0))),^(0),^(^(0))))
6291452	R(R(R(^(^(#)),#,^(^(^(^(0))))),#,^(^(0))),0,^(^(^(0))))
6291453	R(R(R(^(^(#)),#,^(^(^(0)))),#,0),^(0),^(^(^(0))))
6291454	^(R(R(R(^(^(#)),#,^(^(^(0)))),#,0),^(0),^(^(^(0)))))
6291455	^(^(R(R(R(^(^(#)),#,^(^(^(0)))),#,0),^(0),^(^(^(0))))))
6291456	^(^(^(R(R(R(^(^(#)),#,^(^(^(0)))),#,0),^(0),^(^(^(0)))))))
6291457	^(^(^(^(R(R(R(^(^(#)),#,^(^(^(0)))),#,0),^(0),^(^(^(0))))))))
6377293	R(^(R(R(^(^(^(#))),#,0),#,^(^(^(^(0)))))),^(0),^(^(0)))
6377294	^(R(^(R(R(^(^(^(#))),#,0),#,^(^(^(^(0)))))),^(0),^(^(0))))
6377295	^(^(R(^(R(R(^(^(^(#))),#,0),#,^(^(^(^(0)))))),^(0),^(^(0)))))
6725601	R(R(R(^(^(^(^(^(^(^(#))))))),#,^(0)),#,^(0)),0,^(^(^(0))))
6725602	^(R(R(R(^(^(^(^(^(^(^(#))))))),#,^(0)),#,^(0)),0,^(^(^(0)))))
7174453	R(R(R(^(^(^(#))),#,^(0)),#,^(^(^(^(0))))),^(0),^(^(0)))
7174454	R(^(R(R(^(^(^(#))),#,^(0)),#,^(0))),0,^(^(^(0))))
7174455	R(^(^(R(R(^(^(^(#))),#,^(0)),#,0))),^(0),^(^(^(0))))
7174456	^(R(^(^(R(R(^(^(^(#))),#,^(0)),#,0))),^(0),^(^(^(0)))))
7174457	^(^(R(^(^(R(R(^(^(^(#))),#,^(0)),#,0))),^(0),^(^(^(0))))))
7174458	^(^(^(R(^(^(R(R(^(^(^(#))),#,^(0)),#,0))),^(0),^(^(^(0)))))))
8388611	R(^(^(^(R(R(^(^(^(^(#)))),#,0),#,^(^(0)))))),^(0),^(^(0)))
8388612	^(R(^(^(^(R(R(^(^(^(^(#)))),#,0),#,^(^(0)))))),^(0),^(^(0))))
9786711	R(^(^(R(R(^(^(^(^(#)))),#,^(0)),#,^(^(0))))),^(0),^(^(0)))
9786712	^(R(^(^(R(R(^(^(^(^(#)))),#,^(0)),#,^(^(0))))),^(0),^(^(0))))
10485761	R(^(R(R(^(^(#)),#,0),#,^(^(^(^(^(0))))))),^(^(0)),^(^(0)))
10485762	^(R(^(R(R(^(^(#)),#,0),#,^(^(^(^(^(0))))))),^(^(0)),^(^(0))))
11184811	R(^(R(R(^(^(^(^(#)))),#,^(^(0))),#,^(^(0)))),^(0),^(^(0)))
11184812	R(^(^(R(R(^(^(^(^(#)))),#,^(^(0))),#,0))),0,^(^(^(0))))
11184813	^(R(^(^(R(R(^(^(^(^(#)))),#,^(^(0))),#,0))),0,^(^(^(0)))))
11184814	^(^(R(^(^(R(R(^(^(^(^(#)))),#,^(^(0))),#,0))),0,^(^(^(0))))))
12582909	R(R(R(^(^(#)),#,^(^(^(0)))),#,^(^(^(0)))),^(^(0)),^(^(0)))
12582910	R(R(R(^(^(#)),#,^(^(0))),#,^(0)),^(^(^(0))),^(^(0)))
12582911	^(R(R(R(^(^(#)),#,^(^(0))),#,^(0)),^(^(^(0))),^(^(0))))
12582912	^(^(R(R(R(^(^(#)),#,^(^(0))),#,^(0)),^(^(^(0))),^(^(0)))))
12582913	^(^(^(R(R(R(^(^(#)),#,^(^(0))),#,^(0)),^(^(^(0))),^(^(0))))))
14348907	R(R(R(^(^(^(#))),#,0),^(^(^(0))),#),^(0),^(^(^(^(^(0))))))
14348908	^(R(R(R(^(^(^(#))),#,0),^(^(^(0))),#),^(0),^(^(^(^(^(0)))))))
16777216	R(R(R(R(^(^(#)),#,0),^(^(^(0))),#),#,^(0)),0,^(^(^(0))))
16777217	^(R(R(R(R(^(^(#)),#,0),^(^(^(0))),#),#,^(0)),0,^(^(^(0)))))
19131878	R(^(^(R(R(^(^(^(#))),#,0),#,^(^(^(^(0))))))),^(0),^(^(0)))
19131879	^(R(^(^(R(R(^(^(^(#))),#,0),#,^(^(^(^(0))))))),^(0),^(^(0))))
19173960	R(R(^(R(R(^(^(#)),#,^(0)),^(^(^(0))),#)),#,0),^(0),^(^(0)))
19173961	R(R(^(R(R(^(^(#)),#,0),^(^(^(0))),#)),#,0),^(^(0)),^(^(0)))
19531250	R(R(R(^(^(^(^(^(#))))),#,0),#,^(^(0))),^(0),^(^(0)))
19531251	^(R(R(R(^(^(^(^(^(#))))),#,0),#,^(^(0))),^(0),^(^(0))))
19531252	^(^(R(R(R(^(^(^(^(^(#))))),#,0),#,^(^(0))),^(0),^(^(0)))))
19531253	^(^(^(R(R(R(^(^(^(^(^(#))))),#,0),#,^(^(0))),^(0),^(^(0))))))
21523360	R(R(R(^(^(^(#))),#,^(0)),^(^(^(^(0)))),#),0,^(^(^(^(0)))))
21523361	R(^(R(R(^(^(^(#))),#,^(0)),#,^(^(^(^(0)))))),^(0),^(^(0)))
21523362	R(^(^(R(R(^(^(^(#))),#,^(0)),#,^(0)))),^(^(0)),^(^(0)))
21523363	R(^(^(^(R(R(^(^(^(#))),#,^(0)),#,0)))),0,^(^(^(0))))
21523364	^(R(^(^(^(R(R(^(^(^(#))),#,^(0)),#,0)))),0,^(^(^(0)))))
21523365	^(^(R(^(^(^(R(R(^(^(^(#))),#,^(0)),#,0)))),0,^(^(^(0))))))
21523366	^(^(^(R(^(^(^(R(R(^(^(^(#))),#,^(0)),#,0)))),0,^(^(^(0)))))))
23914844	R(R(R(^(^(^(#))),#,^(^(0))),#,^(^(^(^(0))))),^(0),^(^(0)))
23914845	^(R(R(R(^(^(^(#))),#,^(^(0))),#,^(^(^(^(0))))),^(0),^(^(0))))
25165822	R(R(R(^(^(#)),#,^(^(0))),#,^(^(^(^(0))))),^(^(0)),^(^(0)))
25165823	R(R(R(^(^(#)),#,^(0)),#,^(^(0))),^(^(^(0))),^(^(0)))
25165824	^(R(R(R(^(^(#)),#,^(0)),#,^(^(0))),^(^(^(0))),^(^(0))))
25165825	^(^(R(R(R(^(^(#)),#,^(0)),#,^(^(0))),^(^(^(0))),^(^(0)))))
25165826	^(^(^(R(R(R(^(^(#)),#,^(0)),#,^(^(0))),^(^(^(0))),^(^(0))))))
43046720	R(R(R(R(^(^(^(#))),#,^(^(0))),^(^(0)),#),#,0),^(0),^(^(0)))
43046721	R(R(R(^(^(^(#))),#,0),^(^(^(^(0)))),#),^(0),^(^(^(^(0)))))
43046722	^(R(R(R(^(^(^(#))),#,0),^(^(^(^(0)))),#),^(0),^(^(^(^(0))))))
50331647	R(R(R(^(^(#)),#,^(0)),#,^(^(^(^(^(0)))))),^(^(0)),^(^(0)))
50331648	R(R(R(^(^(#)),#,0),#,^(^(^(0)))),0,^(^(^(0))))
50331649	^(R(R(R(^(^(#)),#,0),#,^(^(^(0)))),0,^(^(^(0)))))
50331650	^(^(R(R(R(^(^(#)),#,0),#,^(^(^(0)))),0,^(^(^(0))))))
50331651	^(^(^(R(R(R(^(^(#)),#,0),#,^(^(^(0)))),0,^(^(^(0)))))))
50331652	^(^(^(^(R(R(R(^(^(#)),#,0),#,^(^(^(0)))),0,^(^(^(0))))))))
50331653	^(^(^(^(^(R(R(R(^(^(#)),#,0),#,^(^(^(0)))),0,^(^(^(0)))))))))
58720251	R(R(R(^(^(#)),#,^(^(^(^(^(0)))))),#,^(^(0))),0,^(^(^(0))))
58720252	^(R(R(R(^(^(#)),#,^(^(^(^(^(0)))))),#,^(^(0))),0,^(^(^(0)))))
64570084	R(^(^(^(R(R(^(^(^(#))),#,^(0)),#,^(0))))),^(^(0)),^(^(0)))
64570085	^(R(^(^(^(R(R(^(^(^(#))),#,^(0)),#,^(0))))),^(^(0)),^(^(0))))
71744535	R(R(R(^(^(^(#))),#,0),#,^(^(^(^(^(0)))))),^(0),^(^(0)))
71744536	^(R(R(R(^(^(^(#))),#,0),#,^(^(^(^(^(0)))))),^(0),^(^(0))))
71744537	^(^(R(R(R(^(^(^(#))),#,0),#,^(^(^(^(^(0)))))),^(0),^(^(0)))))
86093440	R(R(R(^(^(^(#))),#,^(^(^(^(0))))),#,0),^(^(0)),^(^(0)))
86093441	^(R(R(R(^(^(^(#))),#,^(^(^(^(0))))),#,0),^(^(0)),^(^(0))))
86093442	^(^(R(R(R(^(^(^(#))),#,^(^(^(^(0))))),#,0),^(^(0)),^(^(0)))))
97656251	R(^(R(R(^(^(^(^(^(#))))),#,0),#,^(^(0)))),^(0),^(^(0)))
97656252	^(R(^(R(R(^(^(^(^(^(#))))),#,0),#,^(^(0)))),^(0),^(^(0))))
97656253	^(^(R(^(R(R(^(^(^(^(^(#))))),#,0),#,^(^(0)))),^(0),^(^(0)))))
100663296	R(R(R(^(^(#)),#,0),#,^(^(^(^(^(^(0))))))),^(^(0)),^(^(0)))
100663297	R(^(R(R(^(^(#)),#,0),#,^(^(^(0))))),^(^(^(0))),^(^(0)))
100663298	^(R(^(R(R(^(^(#)),#,0),#,^(^(^(0))))),^(^(^(0))),^(^(0))))
100663299	^(^(R(^(R(R(^(^(#)),#,0),#,^(^(^(0))))),^(^(^(0))),^(^(0)))))
109863281	R(R(R(^(^(^(^(^(#))))),#,^(0)),#,^(^(0))),^(0),^(^(0)))
109863282	^(R(R(R(^(^(^(^(^(#))))),#,^(0)),#,^(^(0))),^(0),^(^(0))))
109863283	^(^(R(R(R(^(^(^(^(^(#))))),#,^(0)),#,^(^(0))),^(0),^(^(0)))))
122070312	R(R(R(^(^(^(^(^(#))))),#,^(^(0))),#,0),^(0),^(^(^(0))))
122070313	^(R(R(R(^(^(^(^(^(#))))),#,^(^(0))),#,0),^(0),^(^(^(0)))))
122070314	^(^(R(R(R(^(^(^(^(^(#))))),#,^(^(0))),#,0),^(0),^(^(^(0))))))
134217727	R(R(^(^(#)),#,^(0)),0,R(R(^(^(^(#))),#,0),^(0),^(^(^(0)))))
134217728	R(R(^(^(#)),#,0),^(0),R(R(^(^(^(#))),#,0),^(0),^(^(^(0)))))
134217729	R(^(R(R(R(^(^(#)),#,0),^(^(^(0))),#),#,^(0))),^(0),^(^(0)))
153391689	R(R(^(R(R(^(^(#)),#,0),^(^(^(0))),#)),#,^(0)),0,^(^(^(0))))
201326593	R(^(R(R(^(^(^(^(#)))),#,0),#,^(^(^(0))))),^(0),^(^(0)))
201326594	R(^(^(R(R(^(^(#)),#,0),#,^(^(^(0)))))),^(^(^(0))),^(^(0)))
201326595	^(R(^(^(R(R(^(^(#)),#,0),#,^(^(^(0)))))),^(^(^(0))),^(^(0))))
215233606	R(^(R(R(^(^(^(#))),#,0),#,^(^(^(^(^(0))))))),^(0),^(^(0)))
215233607	^(R(^(R(R(^(^(^(#))),#,0),#,^(^(^(^(^(0))))))),^(0),^(^(0))))
223696213	R(R(R(^(^(^(^(#)))),#,^(0)),#,^(^(^(0)))),^(0),^(^(0)))
223696214	^(R(R(R(^(^(^(^(#)))),#,^(0)),#,^(^(^(0)))),^(0),^(^(0))))
223696215	^(^(R(R(R(^(^(^(^(#)))),#,^(0)),#,^(^(^(0)))),^(0),^(^(0)))))
236756965	R(R(R(^(^(^(#))),#,^(0)),#,^(^(^(^(^(0)))))),^(0),^(^(0)))
236756966	^(R(R(R(^(^(^(#))),#,^(0)),#,^(^(^(^(^(0)))))),^(0),^(^(0))))
258280325	R(R(R(^(^(^(#))),#,^(^(0))),#,^(0)),^(^(0)),^(^(0)))
258280326	^(R(R(R(^(^(^(#))),#,^(^(0))),#,^(0)),^(^(0)),^(^(0))))
258280327	^(^(R(R(R(^(^(^(#))),#,^(^(0))),#,^(0)),^(^(0)),^(^(0)))))
258280328	^(^(^(R(R(R(^(^(^(#))),#,^(^(0))),#,^(0)),^(^(0)),^(^(0))))))
387420489	R(R(R(R(^(^(^(#))),#,0),^(^(0)),#),#,^(0)),0,^(^(^(0))))
387420490	^(R(R(R(R(^(^(^(#))),#,0),^(^(0)),#),#,^(0)),0,^(^(^(0)))))
435848050	R(R(^(R(R(^(^(^(#))),#,0),^(^(0)),#)),#,0),^(^(0)),^(^(0)))
488281252	R(^(^(R(R(^(^(^(^(^(#))))),#,0),#,^(^(0))))),^(0),^(^(0)))
488281253	^(R(^(^(R(R(^(^(^(^(^(#))))),#,0),#,^(^(0))))),^(0),^(^(0))))
549316407	R(^(R(R(^(^(^(^(^(#))))),#,^(0)),#,^(^(0)))),^(0),^(^(0)))
549316408	^(R(^(R(R(^(^(^(^(^(#))))),#,^(0)),#,^(^(0)))),^(0),^(^(0))))
610351562	R(R(R(^(^(^(^(^(#))))),#,^(^(0))),#,^(^(0))),^(0),^(^(0)))
610351563	R(^(R(R(^(^(^(^(^(#))))),#,^(^(0))),#,0)),^(^(0)),^(^(0)))
610351564	^(R(^(R(R(^(^(^(^(^(#))))),#,^(^(0))),#,0)),^(^(0)),^(^(0))))
774840978	R(R(R(^(^(^(#))),#,0),#,^(^(0))),0,^(^(^(0))))
774840979	^(R(R(R(^(^(^(#))),#,0),#,^(^(0))),0,^(^(^(0)))))
774840980	^(^(R(R(R(^(^(^(#))),#,0),#,^(^(0))),0,^(^(^(0))))))
774840981	^(^(^(R(R(R(^(^(^(#))),#,0),#,^(^(0))),0,^(^(^(0)))))))
774840982	^(^(^(^(R(R(R(^(^(^(#))),#,0),#,^(^(0))),0,^(^(^(0))))))))
774840983	^(^(^(^(^(R(R(R(^(^(^(#))),#,0),#,^(^(0))),0,^(^(^(0)))))))))
805306370	R(^(^(R(R(^(^(^(^(#)))),#,0),#,^(^(^(0)))))),^(0),^(^(0)))
805306371	^(R(^(^(R(R(^(^(^(^(#)))),#,0),#,^(^(^(0)))))),^(0),^(^(0))))
894784854	R(^(R(R(^(^(^(^(#)))),#,^(0)),#,^(^(^(0))))),^(0),^(^(0)))
894784855	^(R(^(R(R(^(^(^(^(#)))),#,^(0)),#,^(^(^(0))))),^(0),^(^(0))))
984263338	R(R(R(^(^(^(^(#)))),#,^(^(0))),#,^(^(^(0)))),^(0),^(^(0)))
984263339	^(R(R(R(^(^(^(^(#)))),#,^(^(0))),#,^(^(^(0)))),^(0),^(^(0))))
1073741820	R(R(R(^(^(#)),#,^(^(^(^(0))))),#,0),^(^(^(0))),^(^(0)))
1073741821	^(R(R(R(^(^(#)),#,^(^(^(^(0))))),#,0),^(^(^(0))),^(^(0))))
1073741822	^(^(R(R(R(^(^(#)),#,^(^(^(^(0))))),#,0),^(^(^(0))),^(^(0)))))
1073741823	R(R(R(^(^(^(^(#)))),#,^(^(^(0)))),#,0),^(^(0)),^(^(0)))
1073741824	^(R(R(R(^(^(^(^(#)))),#,^(^(^(0)))),#,0),^(^(0)),^(^(0))))
1073741825	^(^(R(R(R(^(^(^(^(#)))),#,^(^(^(0)))),#,0),^(^(0)),^(^(0)))))
1549681956	R(^(^(#)),0,R(R(R(^(^(^(#))),#,0),#,^(^(0))),0,^(^(^(0)))))
2147483645	R(R(R(^(^(#)),#,^(^(^(0)))),#,^(0)),^(^(^(0))),^(^(0)))
2147483646	R(R(R(^(^(#)),#,^(^(0))),#,0),^(^(^(^(0)))),^(^(0)))
2147483647	R(R(R(^(^(#)),#,^(0)),#,0),^(^(^(^(^(0))))),^(^(0)))
2147483648	^(R(R(R(^(^(#)),#,^(0)),#,0),^(^(^(^(^(0))))),^(^(0))))
2147483649	^(^(R(R(R(^(^(#)),#,^(0)),#,0),^(^(^(^(^(0))))),^(^(0)))))
2147483650	^(^(^(R(R(R(^(^(#)),#,^(0)),#,0),^(^(^(^(^(0))))),^(^(0))))))
2324522934	R(R(R(^(^(^(#))),#,0),#,^(^(^(^(^(^(0))))))),^(0),^(^(0)))
2324522935	R(^(R(R(^(^(^(#))),#,0),#,^(^(0)))),^(^(0)),^(^(0)))
2324522936	^(R(^(R(R(^(^(^(#))),#,0),#,^(^(0)))),^(^(0)),^(^(0))))
2324522937	^(^(R(^(R(R(^(^(^(#))),#,0),#,^(^(0)))),^(^(0)),^(^(0)))))
2324522938	^(^(^(R(^(R(R(^(^(^(#))),#,0),#,^(^(0)))),^(^(0)),^(^(0))))))
3051757814	R(^(^(R(R(^(^(^(^(^(#))))),#,^(^(0))),#,0))),0,^(^(^(0))))
3051757815	^(R(^(^(R(R(^(^(^(^(^(#))))),#,^(^(0))),#,0))),0,^(^(^(0)))))
3486784402	R(^(R(R(R(^(^(^(#))),#,0),^(^(0)),#),#,^(0))),^(0),^(^(0)))
3922632451	R(R(^(R(R(^(^(^(#))),#,0),^(^(0)),#)),#,^(0)),0,^(^(^(0))))
4294967294	R(R(R(^(^(#)),#,^(^(0))),#,^(^(0))),^(^(^(0))),^(^(0)))
4294967295	R(R(R(^(^(#)),#,^(0)),#,^(0)),^(^(^(^(0)))),^(^(0)))
4294967296	R(R(R(^(^(^(^(#)))),#,0),#,^(0)),^(^(0)),^(^(0)))
4294967297	^(R(R(R(^(^(^(^(#)))),#,0),#,^(0)),^(^(0)),^(^(0))))
4294967298	^(^(R(R(R(^(^(^(^(#)))),#,0),#,^(0)),^(^(0)),^(^(0)))))
4294967299	^(^(^(R(R(R(^(^(^(^(#)))),#,0),#,^(0)),^(^(0)),^(^(0))))))
4294967300	^(^(^(^(R(R(R(^(^(^(^(#)))),#,0),#,^(0)),^(^(0)),^(^(0)))))))
4353564672	R(R(R(^(^(^(^(^(^(#)))))),#,0),#,^(^(0))),^(0),^(^(0)))
4353564673	^(R(R(R(^(^(^(^(^(^(#)))))),#,0),#,^(^(0))),^(0),^(^(0))))
4353564674	^(^(R(R(R(^(^(^(^(^(^(#)))))),#,0),#,^(^(0))),^(0),^(^(0)))))
6973568804	R(^(^(R(R(^(^(^(#))),#,0),#,^(^(0))))),^(^(0)),^(^(0)))
6973568805	^(R(^(^(R(R(^(^(^(#))),#,0),#,^(^(0))))),^(^(0)),^(^(0))))
6973568806	^(^(R(^(^(R(R(^(^(^(#))),#,0),#,^(^(0))))),^(^(0)),^(^(0)))))
8589934591	R(R(R(^(^(#)),#,^(0)),#,^(^(^(0)))),0,^(^(^(0))))
8589934592	R(R(R(^(^(#)),#,0),#,^(^(0))),^(0),^(^(^(0))))
8589934593	R(^(R(R(^(^(#)),#,0),#,^(0))),0,^(^(^(^(0)))))
8589934594	^(R(^(R(R(^(^(#)),#,0),#,^(0))),0,^(^(^(^(0))))))
8589934595	^(^(R(^(R(R(^(^(#)),#,0),#,^(0))),0,^(^(^(^(0)))))))
8589934596	^(^(^(R(^(R(R(^(^(#)),#,0),#,^(0))),0,^(^(^(^(0))))))))
8589934597	^(^(^(^(R(^(R(R(^(^(#)),#,0),#,^(0))),0,^(^(^(^(0)))))))))
8589934598	^(^(^(^(^(R(^(R(R(^(^(#)),#,0),#,^(0))),0,^(^(^(^(0))))))))))
8716961000	R(R(R(^(^(^(#))),#,^(^(^(^(^(0)))))),#,0),^(^(0)),^(^(0)))
8716961001	^(R(R(R(^(^(^(#))),#,^(^(^(^(^(0)))))),#,0),^(^(0)),^(^(0))))
17179869184	R(R(R(^(^(#)),#,0),#,^(^(^(^(0))))),^(^(^(0))),^(^(0)))
17179869185	R(^(R(R(^(^(^(^(#)))),#,0),#,^(0))),0,^(^(^(0))))
17179869186	^(R(^(R(R(^(^(^(^(#)))),#,0),#,^(0))),0,^(^(^(0)))))
17179869187	^(^(R(^(R(R(^(^(^(^(#)))),#,0),#,^(0))),0,^(^(^(0))))))
17179869188	^(^(^(R(^(R(R(^(^(^(^(#)))),#,0),#,^(0))),0,^(^(^(0)))))))
17179869189	^(^(^(^(R(^(R(R(^(^(^(^(#)))),#,0),#,^(0))),0,^(^(^(0))))))))
20920706409	R(^(^(^(R(R(^(^(^(#))),#,0),#,^(^(0)))))),^(^(0)),^(^(0)))
20920706410	^(R(^(^(^(R(R(^(^(^(#))),#,0),#,^(^(0)))))),^(^(0)),^(^(0))))
26121388033	R(^(R(R(^(^(^(^(^(^(#)))))),#,0),#,^(^(0)))),^(0),^(^(0)))
26121388034	^(R(^(R(R(^(^(^(^(^(^(#)))))),#,0),#,^(^(0)))),^(0),^(^(0))))
26150883006	R(R(R(^(^(^(#))),#,^(^(^(0)))),#,^(0)),^(^(0)),^(^(0)))
26150883007	^(R(R(R(^(^(^(#))),#,^(^(^(0)))),#,^(0)),^(^(0)),^(^(0))))
26150883008	^(^(R(R(R(^(^(^(#))),#,^(^(^(0)))),#,^(0)),^(^(0)),^(^(0)))))
28733526835	R(R(R(^(^(^(^(^(^(#)))))),#,^(0)),#,^(^(0))),^(0),^(^(0)))
28733526836	^(R(R(R(^(^(^(^(^(^(#)))))),#,^(0)),#,^(^(0))),^(0),^(^(0))))
31345665638	R(R(R(^(^(^(^(^(^(#)))))),#,^(^(0))),#,0),^(0),^(^(^(0))))
31345665639	^(R(R(R(^(^(^(^(^(^(#)))))),#,^(^(0))),#,0),^(0),^(^(^(0)))))
34359738369	R(^(R(R(^(^(#)),#,0),#,^(^(^(^(0)))))),^(^(^(0))),^(^(0)))
34359738370	R(^(^(R(R(^(^(#)),#,0),#,^(^(0))))),0,^(^(^(0))))
34359738371	R(^(^(^(R(R(^(^(#)),#,0),#,^(0))))),^(0),^(^(^(0))))
34359738372	^(R(^(^(^(R(R(^(^(#)),#,0),#,^(0))))),^(0),^(^(^(0)))))
34359738373	^(^(R(^(^(^(R(R(^(^(#)),#,0),#,^(0))))),^(0),^(^(^(0))))))
34359738374	^(^(^(R(^(^(^(R(R(^(^(#)),#,0),#,^(0))))),^(0),^(^(^(0)))))))
68719476737	R(^(R(R(^(^(^(^(#)))),#,0),#,^(^(^(^(0)))))),^(0),^(^(0)))
68719476738	R(^(^(R(R(^(^(^(^(#)))),#,0),#,^(0)))),^(^(0)),^(^(0)))
68719476739	^(R(^(^(R(R(^(^(^(^(#)))),#,0),#,^(0)))),^(^(0)),^(^(0))))
68719476740	R(^(^(^(^(R(R(^(^(#)),#,0),#,^(0)))))),0,^(^(^(0))))
68719476741	^(R(^(^(^(^(R(R(^(^(#)),#,0),#,^(0)))))),0,^(^(^(0)))))
68719476742	^(^(R(^(^(^(^(R(R(^(^(#)),#,0),#,^(0)))))),0,^(^(^(0))))))
68719476743	^(^(^(R(^(^(^(^(R(R(^(^(#)),#,0),#,^(0)))))),0,^(^(^(0)))))))
74446099797	R(R(R(^(^(^(^(#)))),#,^(0)),#,^(^(^(^(0))))),^(0),^(^(0)))
74446099798	^(R(R(R(^(^(^(^(#)))),#,^(0)),#,^(^(^(^(0))))),^(0),^(^(0))))
78452649022	R(R(R(^(^(^(#))),#,^(0)),#,^(^(0))),0,^(^(^(0))))
78452649023	^(R(R(R(^(^(^(#))),#,^(0)),#,^(^(0))),0,^(^(^(0)))))
78452649024	^(^(R(R(R(^(^(^(#))),#,^(0)),#,^(^(0))),0,^(^(^(0))))))
78452649025	^(^(^(R(R(R(^(^(^(#))),#,^(0)),#,^(^(0))),0,^(^(^(0)))))))
78452649026	^(^(^(^(R(R(R(^(^(^(#))),#,^(0)),#,^(^(0))),0,^(^(^(0))))))))
91552734375	R(R(R(^(^(^(^(^(#))))),#,0),#,^(^(^(0)))),^(0),^(^(0)))
91552734376	^(R(R(R(^(^(^(^(^(#))))),#,0),#,^(^(^(0)))),^(0),^(^(0))))
91552734377	^(^(R(R(R(^(^(^(^(^(#))))),#,0),#,^(^(^(0)))),^(0),^(^(0)))))
171798691835	R(R(R(^(^(#)),#,^(^(^(^(^(0)))))),#,0),^(^(^(0))),^(^(0)))
171798691836	^(R(R(R(^(^(#)),#,^(^(^(^(^(0)))))),#,0),^(^(^(0))),^(^(0))))
235357947068	R(^(R(R(^(^(^(#))),#,^(0)),#,^(^(0)))),^(^(0)),^(^(0)))
235357947069	^(R(^(R(R(^(^(^(#))),#,^(0)),#,^(^(0)))),^(^(0)),^(^(0))))
235357947070	^(^(R(^(R(R(^(^(^(#))),#,^(0)),#,^(^(0)))),^(^(0)),^(^(0)))))
274877906947	R(^(^(^(R(R(^(^(^(^(#)))),#,0),#,^(0))))),^(^(0)),^(^(0)))
274877906948	^(R(^(^(^(R(R(^(^(^(^(#)))),#,0),#,^(0))))),^(^(0)),^(^(0))))
343597383676	R(R(R(^(^(#)),#,^(^(^(^(0))))),#,^(0)),^(^(^(0))),^(^(0)))
343597383677	^(R(R(R(^(^(#)),#,^(^(^(^(0))))),#,^(0)),^(^(^(0))),^(^(0))))
457763671876	R(^(R(R(^(^(^(^(^(#))))),#,0),#,^(^(^(0))))),^(0),^(^(0)))
457763671877	^(R(^(R(R(^(^(^(^(^(#))))),#,0),#,^(^(^(0))))),^(0),^(^(0))))
495910644531	R(R(R(^(^(^(^(^(#))))),#,^(0)),#,^(^(^(0)))),^(0),^(^(0)))
495910644532	^(R(R(R(^(^(^(^(^(#))))),#,^(0)),#,^(^(^(0)))),^(0),^(^(0))))
687194767357	R(R(R(^(^(#)),#,^(^(^(0)))),#,^(^(0))),^(^(^(0))),^(^(0)))
687194767358	^(R(R(R(^(^(#)),#,^(^(^(0)))),#,^(^(0))),^(^(^(0))),^(^(0))))
706073841204	R(^(^(R(R(^(^(^(#))),#,^(0)),#,^(^(0))))),^(^(0)),^(^(0)))
706073841205	^(R(^(^(R(R(^(^(^(#))),#,^(0)),#,^(^(0))))),^(^(0)),^(^(0))))
1356446145698	R(R(R(^(^(^(^(^(^(^(#))))))),#,0),#,^(^(0))),^(0),^(^(0)))
1356446145699	^(R(R(R(^(^(^(^(^(^(^(#))))))),#,0),#,^(^(0))),^(0),^(^(0))))
1374389534718	R(R(R(^(^(#)),#,^(^(0))),#,^(^(^(0)))),0,^(^(^(0))))
1374389534719	^(R(R(R(^(^(#)),#,^(^(0))),#,^(^(^(0)))),0,^(^(^(0)))))
1374389534720	^(^(R(R(R(^(^(#)),#,^(^(0))),#,^(^(^(0)))),0,^(^(^(0))))))
1374389534721	^(^(^(R(R(R(^(^(#)),#,^(^(0))),#,^(^(^(0)))),0,^(^(^(0)))))))
1466015503700	R(R(R(^(^(^(^(#)))),#,^(^(^(^(0))))),#,0),^(^(0)),^(^(0)))
1466015503701	R(R(R(^(^(^(^(#)))),#,^(0)),#,0),^(^(^(0))),^(^(0)))
1466015503702	^(R(R(R(^(^(^(^(#)))),#,^(0)),#,0),^(^(^(0))),^(^(0))))
1466015503703	^(^(R(R(R(^(^(^(^(#)))),#,^(0)),#,0),^(^(^(0))),^(^(0)))))
1466015503704	^(^(^(R(R(R(^(^(^(^(#)))),#,^(0)),#,0),^(^(^(0))),^(^(0))))))
2541865828327	R(R(R(^(^(^(#))),#,^(^(^(^(0))))),#,^(0)),^(^(0)),^(^(0)))
2541865828328	R(R(R(^(^(^(#))),#,^(^(0))),#,0),^(^(^(0))),^(^(0)))
2541865828329	^(R(R(R(^(^(^(#))),#,^(^(0))),#,0),^(^(^(0))),^(^(0))))
2541865828330	^(^(R(R(R(^(^(^(#))),#,^(^(0))),#,0),^(^(^(0))),^(^(0)))))
2541865828331	^(^(^(R(R(R(^(^(^(#))),#,^(^(0))),#,0),^(^(^(0))),^(^(0))))))
2748779069439	R(R(R(^(^(#)),#,^(0)),#,^(^(^(^(0))))),^(^(^(0))),^(^(0)))
2748779069440	^(R(R(R(^(^(#)),#,^(0)),#,^(^(^(^(0))))),^(^(^(0))),^(^(0))))
2861022949218	R(R(R(^(^(^(^(^(#))))),#,^(^(^(0)))),#,0),^(^(0)),^(^(0)))
2861022949219	^(R(R(R(^(^(^(^(^(#))))),#,^(^(^(0)))),#,0),^(^(0)),^(^(0))))
3812798742493	R(R(R(R(^(^(^(#))),#,^(0)),^(^(0)),#),#,^(0)),0,^(^(^(0))))
5497558138880	R(R(R(^(^(#)),#,0),#,^(^(^(^(^(0)))))),^(^(^(0))),^(^(0)))
5497558138881	^(R(R(R(^(^(#)),#,0),#,^(^(^(^(^(0)))))),^(^(^(0))),^(^(0))))
5864062014805	R(R(R(^(^(^(^(#)))),#,^(0)),#,^(0)),^(^(0)),^(^(0)))
5864062014806	R(^(R(R(^(^(^(^(#)))),#,^(0)),#,0)),^(^(^(0))),^(^(0)))
5864062014807	^(R(^(R(R(^(^(^(^(#)))),#,^(0)),#,0)),^(^(^(0))),^(^(0))))
5864062014808	^(^(R(^(R(R(^(^(^(^(#)))),#,^(0)),#,0)),^(^(^(0))),^(^(0)))))
7625597484986	R(R(R(^(^(^(#))),#,^(^(0))),#,^(^(0))),0,^(^(^(0))))
7625597484987	R(R(R(^(^(^(#))),#,0),#,^(0)),0,^(^(^(^(0)))))
7625597484988	^(R(R(R(^(^(^(#))),#,0),#,^(0)),0,^(^(^(^(0))))))
7625597484989	^(^(R(R(R(^(^(^(#))),#,0),#,^(0)),0,^(^(^(^(0)))))))
7625597484990	^(^(^(R(R(R(^(^(^(#))),#,0),#,^(0)),0,^(^(^(^(0))))))))
7625597484991	^(^(^(^(R(R(R(^(^(^(#))),#,0),#,^(0)),0,^(^(^(^(0)))))))))
7625597484992	^(^(^(^(^(R(R(R(^(^(^(#))),#,0),#,^(0)),0,^(^(^(^(0))))))))))
8796093022206	R(R(R(R(^(^(#)),#,^(^(0))),^(^(^(0))),#),#,0),^(0),^(^(0)))
15251194969974	R(^(^(#)),0,R(R(R(^(^(^(#))),#,0),#,^(0)),0,^(^(^(^(0))))))
22876792454961	R(R(R(^(^(^(#))),#,0),#,^(^(^(0)))),^(^(0)),^(^(0)))
22876792454962	R(^(R(R(^(^(^(#))),#,0),#,^(0))),^(^(^(0))),^(^(0)))
22876792454963	^(R(^(R(R(^(^(^(#))),#,0),#,^(0))),^(^(^(0))),^(^(0))))
22876792454964	^(^(R(^(R(R(^(^(^(#))),#,0),#,^(0))),^(^(^(0))),^(^(0)))))
22876792454965	^(^(^(R(^(R(R(^(^(^(#))),#,0),#,^(0))),^(^(^(0))),^(^(0))))))
23456248059222	R(^(R(R(^(^(^(^(#)))),#,^(0)),#,^(0))),0,^(^(^(0))))
23456248059223	R(^(^(R(R(^(^(^(^(#)))),#,^(0)),#,0))),^(0),^(^(^(0))))
23456248059224	^(R(^(^(R(R(^(^(^(^(#)))),#,^(0)),#,0))),^(0),^(^(^(0)))))
23456248059225	^(^(R(^(^(R(R(^(^(^(^(#)))),#,^(0)),#,0))),^(0),^(^(^(0))))))
68630377364884	R(^(R(R(^(^(^(#))),#,0),#,^(^(^(0))))),^(^(0)),^(^(0)))
68630377364885	R(^(^(R(R(^(^(^(#))),#,0),#,^(0)))),0,^(^(^(0))))
68630377364886	^(R(^(^(R(R(^(^(^(#))),#,0),#,^(0)))),0,^(^(^(0)))))
68630377364887	^(^(R(^(^(R(R(^(^(^(#))),#,0),#,^(0)))),0,^(^(^(0))))))
68630377364888	^(^(^(R(^(^(R(R(^(^(^(#))),#,0),#,^(0)))),0,^(^(^(0)))))))
68630377364889	^(^(^(^(R(^(^(R(R(^(^(^(#))),#,0),#,^(0)))),0,^(^(^(0))))))))
70368744177663	R(R(R(R(^(^(#)),#,^(0)),^(^(^(0))),#),#,^(0)),0,^(^(^(0))))
93824992236887	R(^(^(R(R(^(^(^(^(#)))),#,^(0)),#,^(0)))),^(^(0)),^(^(0)))
93824992236888	R(^(^(^(R(R(^(^(^(^(#)))),#,^(0)),#,0)))),0,^(^(^(0))))
93824992236889	^(R(^(^(^(R(R(^(^(^(^(#)))),#,^(0)),#,0)))),0,^(^(^(0)))))
93824992236890	^(^(R(^(^(^(R(R(^(^(^(^(#)))),#,^(0)),#,0)))),0,^(^(^(0))))))
105553116266493	R(R(R(^(^(#)),#,^(^(^(0)))),#,0),^(^(^(^(0)))),^(^(0)))
105553116266494	^(R(R(R(^(^(#)),#,^(^(^(0)))),#,0),^(^(^(^(0)))),^(^(0))))
105553116266495	^(^(R(R(R(^(^(#)),#,^(^(^(0)))),#,0),^(^(^(^(0)))),^(^(0)))))
205891132094651	R(^(^(R(R(^(^(^(#))),#,0),#,^(^(^(0)))))),^(^(0)),^(^(0)))
205891132094652	R(^(^(^(R(R(^(^(^(#))),#,0),#,^(0))))),^(^(^(0))),^(^(0)))
205891132094653	^(R(^(^(^(R(R(^(^(^(#))),#,0),#,^(0))))),^(^(^(0))),^(^(0))))
211106232532989	R(R(R(^(^(#)),#,^(^(^(0)))),#,^(^(^(0)))),0,^(^(^(0))))
211106232532990	R(R(R(^(^(#)),#,^(^(0))),#,^(0)),0,^(^(^(^(0)))))
211106232532991	^(R(R(R(^(^(#)),#,^(^(0))),#,^(0)),0,^(^(^(^(0))))))
211106232532992	^(^(R(R(R(^(^(#)),#,^(^(0))),#,^(0)),0,^(^(^(^(0)))))))
211106232532993	^(^(^(R(R(R(^(^(#)),#,^(^(0))),#,^(0)),0,^(^(^(^(0))))))))
211106232532994	^(^(^(^(R(R(R(^(^(#)),#,^(^(0))),#,^(0)),0,^(^(^(^(0)))))))))
304679870005248	R(R(R(^(^(^(^(^(^(#)))))),#,0),#,^(^(^(0)))),^(0),^(^(0)))
304679870005249	^(R(R(R(^(^(^(^(^(^(#)))))),#,0),#,^(^(^(0)))),^(0),^(^(0))))
381469726562500	R(R(R(^(^(^(^(^(#))))),#,0),#,^(^(^(^(0))))),^(0),^(^(0)))
381469726562501	^(R(R(R(^(^(^(^(^(#))))),#,0),#,^(^(^(^(0))))),^(0),^(^(0))))
422212465065983	R(R(R(^(^(#)),#,^(0)),#,^(^(0))),^(^(^(^(0)))),^(^(0)))
422212465065984	^(R(R(R(^(^(#)),#,^(0)),#,^(^(0))),^(^(^(^(0)))),^(^(0))))
422212465065985	^(^(R(R(R(^(^(#)),#,^(0)),#,^(^(0))),^(^(^(^(0)))),^(^(0)))))
562949953421312	R(R(R(R(^(^(#)),#,0),^(^(^(0))),#),#,^(^(0))),^(0),^(^(0)))
720618962331270	R(R(R(^(^(^(#))),#,^(^(^(0)))),#,^(^(0))),0,^(^(^(0))))
720618962331271	^(R(R(R(^(^(^(#))),#,^(^(^(0)))),#,^(^(0))),0,^(^(^(0)))))
720618962331272	^(^(R(R(R(^(^(^(#))),#,^(^(^(0)))),#,^(^(0))),0,^(^(^(0))))))
844424930131968	R(R(R(^(^(#)),#,0),#,^(^(^(0)))),^(^(^(^(0)))),^(^(0)))
844424930131969	^(R(R(R(^(^(#)),#,0),#,^(^(^(0)))),^(^(^(^(0)))),^(^(0))))
844424930131970	^(^(R(R(R(^(^(#)),#,0),#,^(^(^(0)))),^(^(^(^(0)))),^(^(0)))))
1688849860263937	R(^(R(R(^(^(#)),#,0),#,^(^(^(0))))),0,^(^(^(0))))
1688849860263938	^(R(^(R(R(^(^(#)),#,0),#,^(^(^(0))))),0,^(^(^(0)))))
1688849860263939	^(^(R(^(R(R(^(^(#)),#,0),#,^(^(^(0))))),0,^(^(^(0))))))
1688849860263940	^(^(^(R(^(R(R(^(^(#)),#,0),#,^(^(^(0))))),0,^(^(^(0)))))))
1688849860263941	^(^(^(^(R(^(R(R(^(^(#)),#,0),#,^(^(^(0))))),0,^(^(^(0))))))))
2161856886993814	R(R(R(^(^(^(#))),#,^(0)),#,^(^(^(0)))),^(^(0)),^(^(0)))
2161856886993815	^(R(R(R(^(^(^(#))),#,^(0)),#,^(^(^(0)))),^(^(0)),^(^(0))))
2161856886993816	^(^(R(R(R(^(^(^(#))),#,^(0)),#,^(^(^(0)))),^(^(0)),^(^(0)))))
6485570660981444	R(^(R(R(^(^(^(#))),#,^(0)),#,^(^(^(0))))),^(^(0)),^(^(0)))
6485570660981445	^(R(^(R(R(^(^(^(#))),#,^(0)),#,^(^(^(0))))),^(^(0)),^(^(0))))
7505999378950826	R(R(R(^(^(^(^(#)))),#,^(^(0))),#,^(0)),^(^(0)),^(^(0)))
7505999378950827	^(R(R(R(^(^(^(^(#)))),#,^(^(0))),#,^(0)),^(^(0)),^(^(0))))
7505999378950828	^(^(R(R(R(^(^(^(^(#)))),#,^(^(0))),#,^(0)),^(^(0)),^(^(0)))))
30023997515803307	R(^(R(R(^(^(^(^(#)))),#,^(^(0))),#,^(0))),0,^(^(^(0))))
30023997515803308	^(R(^(R(R(^(^(^(^(#)))),#,^(^(0))),#,^(0))),0,^(^(^(0)))))
30023997515803309	^(^(R(^(R(R(^(^(^(^(#)))),#,^(^(0))),#,^(0))),0,^(^(^(0))))))
31525197391593468	R(R(R(^(^(#)),#,^(^(^(^(0))))),#,^(^(^(0)))),0,^(^(^(0))))
31525197391593469	^(R(R(R(^(^(#)),#,^(^(^(^(0))))),#,^(^(^(0)))),0,^(^(^(0)))))
66708726798666274	R(R(R(^(^(^(#))),#,^(^(^(^(0))))),#,^(^(0))),0,^(^(^(0))))
66708726798666275	^(R(R(R(^(^(^(#))),#,^(^(^(^(0))))),#,^(^(0))),0,^(^(^(0)))))
200126180395998827	R(R(R(^(^(^(#))),#,^(^(0))),#,^(^(^(0)))),^(^(0)),^(^(0)))
200126180395998828	^(R(R(R(^(^(^(#))),#,^(^(0))),#,^(^(^(0)))),^(^(0)),^(^(0))))
298023223876953125	R(R(R(^(^(^(^(^(#))))),#,0),#,^(0)),^(^(0)),^(^(0)))
298023223876953126	^(R(R(R(^(^(^(^(^(#))))),#,0),#,^(0)),^(^(0)),^(^(0))))
298023223876953127	^(^(R(R(R(^(^(^(^(^(#))))),#,0),#,^(0)),^(^(0)),^(^(0)))))
298023223876953128	^(^(^(R(R(R(^(^(^(^(^(#))))),#,0),#,^(0)),^(^(0)),^(^(0))))))
300189270593998242	R(R(R(R(^(^(^(#))),#,0),^(^(0)),#),#,^(^(0))),^(0),^(^(0)))
600378541187996484	R(R(R(^(^(^(#))),#,0),#,^(^(^(^(0))))),^(^(0)),^(^(0)))
600378541187996485	^(R(R(R(^(^(^(#))),#,0),#,^(^(^(^(0))))),^(^(0)),^(^(0))))
600378541187996486	^(^(R(R(R(^(^(^(#))),#,0),#,^(^(^(^(0))))),^(^(0)),^(^(0)))))
1152921504606846975	R(R(R(R(^(^(#)),#,^(0)),^(^(^(^(0)))),#),#,0),^(0),^(^(0)))
1490116119384765626	R(^(R(R(^(^(^(^(^(#))))),#,0),#,^(0))),0,^(^(^(0))))
1490116119384765627	^(R(^(R(R(^(^(^(^(^(#))))),#,0),#,^(0))),0,^(^(^(0)))))
1490116119384765628	^(^(R(^(R(R(^(^(^(^(^(#))))),#,0),#,^(0))),0,^(^(^(0))))))
1490116119384765629	^(^(^(R(^(R(R(^(^(^(^(^(#))))),#,0),#,^(0))),0,^(^(^(0)))))))
1801135623563989453	R(^(R(R(^(^(^(#))),#,0),#,^(^(^(^(0)))))),^(^(0)),^(^(0)))
1801135623563989454	^(R(^(R(R(^(^(^(#))),#,0),#,^(^(^(^(0)))))),^(^(0)),^(^(0))))
2026277576509488133	R(R(R(R(^(^(^(#))),#,^(0)),^(^(^(0))),#),#,0),^(0),^(^(0)))
2305843009213693950	R(R(R(R(^(^(#)),#,^(^(0))),^(^(0)),#),#,0),^(^(0)),^(^(0)))
4611686018427387900	R(R(R(^(^(#)),#,^(^(^(^(0))))),#,0),^(0),^(^(^(0))))
4611686018427387901	^(R(R(R(^(^(#)),#,^(^(^(^(0))))),#,0),^(0),^(^(^(0)))))
4611686018427387902	^(^(R(R(R(^(^(#)),#,^(^(^(^(0))))),#,0),^(0),^(^(^(0))))))
4611686018427387903	^(^(^(R(R(R(^(^(#)),#,^(^(^(^(0))))),#,0),^(0),^(^(^(0)))))))
6078832729528464399	R(R(R(^(^(^(#))),#,^(^(^(0)))),#,0),^(0),^(^(^(0))))
6078832729528464400	R(R(R(^(^(^(#))),#,^(0)),#,0),^(^(0)),^(^(^(0))))
6078832729528464401	^(R(R(R(^(^(^(#))),#,^(0)),#,0),^(^(0)),^(^(^(0)))))
6078832729528464402	^(^(R(R(R(^(^(^(#))),#,^(0)),#,0),^(^(0)),^(^(^(0))))))
6078832729528464403	^(^(^(R(R(R(^(^(^(#))),#,^(0)),#,0),^(^(0)),^(^(^(0)))))))
6078832729528464404	^(^(^(^(R(R(R(^(^(^(#))),#,^(0)),#,0),^(^(0)),^(^(^(0))))))))
7450580596923828127	R(^(^(R(R(^(^(^(^(^(#))))),#,0),#,^(0)))),^(^(0)),^(^(0)))
7450580596923828128	^(R(^(^(R(R(^(^(^(^(^(#))))),#,0),#,^(0)))),^(^(0)),^(^(0))))
9223372036854775805	R(R(R(^(^(#)),#,^(^(^(0)))),#,^(0)),^(^(^(^(0)))),^(^(0)))
9223372036854775806	R(R(R(^(^(#)),#,^(^(0))),#,0),^(^(^(^(^(0))))),^(^(0)))
9223372036854775807	R(R(R(^(^(#)),#,^(0)),#,0),^(^(^(^(^(^(0)))))),^(^(0)))
9223372036854775808	^(R(R(R(^(^(#)),#,^(0)),#,0),^(^(^(^(^(^(0)))))),^(^(0))))
9223372036854775809	^(^(R(R(R(^(^(#)),#,^(0)),#,0),^(^(^(^(^(^(0)))))),^(^(0)))))
18236498188585393201	R(R(R(^(^(^(#))),#,^(0)),#,^(0)),^(^(^(0))),^(^(0)))
18236498188585393202	R(^(R(R(^(^(^(#))),#,^(0)),#,0)),^(^(^(^(0)))),^(^(0)))
18236498188585393203	^(R(^(R(R(^(^(^(#))),#,^(0)),#,0)),^(^(^(^(0)))),^(^(0))))
18236498188585393204	^(^(R(^(R(R(^(^(^(#))),#,^(0)),#,0)),^(^(^(^(0)))),^(^(0)))))
18446744073709551614	R(R(R(^(^(#)),#,^(^(0))),#,^(^(0))),^(^(^(^(0)))),^(^(0)))
18446744073709551615	R(R(R(^(^(#)),#,^(0)),#,^(0)),^(^(^(^(^(0))))),^(^(0)))
